Block,Miner,Hash,Transactions,Uncles,Size,Gas Used,Timestamp,Tx Hash,From,To,Value (Ether),Gas,Gas Price (Wei)
0,0x0000000000000000000000000000000000000000,d5d40020727f035c36384b071652686bb40148d341a8e03fcd1f8049bdf7d1f5,0,0,826,0,2025-11-14 14:19:24,,,,,,
1,0x0000000000000000000000000000000000000000,47fbd2a7c02c950cb776089ffd87bd613da884aeeea52f5a4b1fc48ec99c632d,0,0,1297,0,2025-11-19 17:53:12,,,,,,
2,0x0000000000000000000000000000000000000000,c6162fad4d361231ec604cb0abc737768c33e1866bbfe396040fed5ad0e7c99d,0,0,1297,0,2025-11-19 17:56:19,,,,,,
3,0x0000000000000000000000000000000000000000,ad99a3b49284f028870c561cfe2334265329f0beb45705f9575bf616ea82049e,0,0,1297,0,2025-11-19 17:57:19,,,,,,
4,0x0000000000000000000000000000000000000000,3c6c3c4f3a4b51ef333767cea0961adebbd1515ea4913eed0cd06deb0649b920,0,0,1297,0,2025-11-19 17:58:19,,,,,,
5,0x0000000000000000000000000000000000000000,c8f3fc5bc73a44fc3224268291d47e40a70874d2d996247adf3de6a9197e1308,0,0,1297,0,2025-11-19 17:59:19,,,,,,
6,0x0000000000000000000000000000000000000000,89e2b50fe761085dea3a2a5a87808411d41880cc3cb3bc401028f0ad275f22a3,0,0,1297,0,2025-11-19 18:00:19,,,,,,
7,0x0000000000000000000000000000000000000000,e86694e5332d2fa44d3cca8c2493823ff93f0599a3a86d9fd54a6b445493b518,0,0,1297,0,2025-11-19 18:01:19,,,,,,
8,0x0000000000000000000000000000000000000000,865faf8ffe7ad1b74a1fe172bc437b039b9700a37a14c0de41803489fc83dd24,0,0,1297,0,2025-11-19 18:02:19,,,,,,
9,0x0000000000000000000000000000000000000000,ae0aad463ca9d2b60f9f9983038f2297a26a9028b9c1e887b41169e0305a3a8b,0,0,1297,0,2025-11-19 18:03:19,,,,,,
10,0x0000000000000000000000000000000000000000,915f0aff4322f28ab7f7bb1f8853ebc8bcd869dd406e08a849efc46152e76f45,0,0,1297,0,2025-11-19 18:04:19,,,,,,
11,0x0000000000000000000000000000000000000000,aa1dc675c1e87c3d8c8c97fe758f169a2c8521857364eaa78f58c72085a04e74,1,0,11674,2215238,2025-11-19 18:05:19,5ab14c268a1a1416a780cf36b14ee140fde3675e5739e64b4faefa9e98d4b34d,0x8d42f072784394c1F874fd9aB9Cb7E32f9E668A4,,0.0,3000000,0
12,0x0000000000000000000000000000000000000000,b58dd5dc2f40cb61581248ec254c4717e35638b85bd95b33d833b14c60cf9b40,0,0,1297,0,2025-11-19 18:06:19,,,,,,
13,0x0000000000000000000000000000000000000000,b5e4cdbb5e9542467da2e0fc7eaaadce05ceeda3ea7e6258b71c4bf84c1aca41,0,0,1297,0,2025-11-19 18:07:19,,,,,,
14,0x0000000000000000000000000000000000000000,1d541f2d7e46f3587402beece24af77c2e50580f320fbd48f2534d97281e9934,0,0,1297,0,2025-11-19 18:08:19,,,,,,
15,0x0000000000000000000000000000000000000000,1b3c680edd5537d4de46055feefc408abd63613f868ff2fced109bd1b65ee659,0,0,1297,0,2025-11-19 18:09:19,,,,,,
16,0x0000000000000000000000000000000000000000,42ad36ef56309f342b206e8b4519ee337f712b9ad414d8cdee48cbb541d54222,0,0,1297,0,2025-11-19 18:10:19,,,,,,
17,0x0000000000000000000000000000000000000000,d7e00679a13067b26ec6652dfc70fba516d7bf12493b82c1cd6c56a746a5e6d0,0,0,1297,0,2025-11-19 18:11:19,,,,,,
18,0x0000000000000000000000000000000000000000,8a93f4dd5b0d59e3a028793467dbbf380cdf46ed2195fcff2c17fc6f60ab4e4d,1,0,1402,50832,2025-11-19 18:12:19,6488290f6d10a2db03920de322292ea25e33892d1de7c9b6b97fe64043d3bf1c,0x22c2BF5887F4C8A79418630018531Cf2b361f541,0xA4091cA9FC5214F6dCcF3d31E087a4805b908911,0.0,500000,0
19,0x0000000000000000000000000000000000000000,ee6b2e3c34604b5ab9b4a157de97e3029085b6f0467e94706a0c8631cebaaa7c,1,0,1402,50832,2025-11-19 18:13:19,3bdaffd8ef42642f8ab02b5929737538f85631c5acde3eaf8893ec783888bce6,0x79c931a7Acdb4b87AA27FCf42B20e069Ef01351F,0xA4091cA9FC5214F6dCcF3d31E087a4805b908911,0.0,500000,0
20,0x0000000000000000000000000000000000000000,1822828c2e47f99bc02d9c94e111147bb3515c8ce05569b73684800e8caa8f47,1,0,1402,50832,2025-11-19 18:14:19,e3ee2a52a0368da2a36a3f78df4c7b9fcfe0525e24d40ffaa84916c37d914094,0x6E7d6C4C0B5FCa6e4e721738328Ff5C79933007C,0xA4091cA9FC5214F6dCcF3d31E087a4805b908911,0.0,500000,0
21,0x0000000000000000000000000000000000000000,adca3426835b7df66704b28d35e108aefa4c2ec3e043deffda584ae2fd58f637,1,0,1402,50832,2025-11-19 18:15:19,b9b4c9bf0b9091cfc5679097ee3d4df4fa923727a3c96cb1da7532d2d6d0d23f,0x5c7A88d5002c590621c42Defa2F8b3b9fdDA5480,0xA4091cA9FC5214F6dCcF3d31E087a4805b908911,0.0,500000,0
22,0x0000000000000000000000000000000000000000,40c32e1f80a77a212b6cd3c08393ed172eb0059732c76f4570f2c1c05c68ea3e,0,0,1297,0,2025-11-19 18:16:19,,,,,,
23,0x0000000000000000000000000000000000000000,db97a62f1c2d48080c25a461f087c02cd73fac28e2d2b0de494306d24d0e0347,0,0,1297,0,2025-11-19 18:17:19,,,,,,
24,0x0000000000000000000000000000000000000000,e394a3ae75755124ecdeec2fb3cbb1e7414e6f234c47ac3870298f35859f64e8,0,0,1297,0,2025-11-19 18:18:19,,,,,,
25,0x0000000000000000000000000000000000000000,980f80a52acd2998db6eea54b43653511aba28324d97ff6187b85af442c0303e,1,0,1402,50832,2025-11-19 18:19:19,782aac6d324047caba2a9b23d3040f1a6fafb0e5b951425942437315b4bae4ee,0x6D1Af3f61D50eeEb44afcA0bC14cF7dd13e214d0,0xA4091cA9FC5214F6dCcF3d31E087a4805b908911,0.0,500000,0
26,0x0000000000000000000000000000000000000000,160bc93e5af8fb17b7c7ce6d8894d38c8f8cde1c4d511a1abf3666ca2dec7297,0,0,1297,0,2025-11-19 18:20:19,,,,,,
27,0x0000000000000000000000000000000000000000,6ca6803ba9d04193b16b9b89cfe7424724ad02e6946ed03be55939e1d4106b5c,0,0,1297,0,2025-11-19 18:21:19,,,,,,
28,0x0000000000000000000000000000000000000000,9b73508c88450f09d2668ef9ebacf3fdaa27ebb08b71a67ed44d6b00ca2ec30c,0,0,1297,0,2025-11-19 18:22:19,,,,,,
29,0x0000000000000000000000000000000000000000,be9d084189f84af3654bfb90165c3565950b5a67185f8ef9b7849dee741dbeac,0,0,1297,0,2025-11-19 18:23:19,,,,,,
30,0x0000000000000000000000000000000000000000,13d654201ee6c2aabddc8d7b1a766d081ddf2c9d04534eaf9ea3dcbcde6f532c,1,0,1402,50832,2025-11-19 18:24:19,de060551fd71e8e36b547c1dc4b5d13612217629335e7f46021c8d5a590aa819,0xDD64f6B9AE3d7879FBCA52ae1deC358ba846c8C4,0xA4091cA9FC5214F6dCcF3d31E087a4805b908911,0.0,500000,0
31,0x0000000000000000000000000000000000000000,0a59729aace18fe5da6bd641ae3fc50cefc31652cbd8d895ad5fce0f870c96b0,1,0,1402,50832,2025-11-19 18:25:19,e79554b40625776948bcdfd43ea681eec7d628df077a86f6ee8592c1f4c3d10d,0x36D9D66537d0940EBcb18E6a613B3D0FE3E97893,0xA4091cA9FC5214F6dCcF3d31E087a4805b908911,0.0,500000,0
32,0x0000000000000000000000000000000000000000,e305c0d3084a513aeb7eb8d9c224ee61529527fb0f8b6d2b6ea223bb54cb9e16,1,0,1402,50832,2025-11-19 18:26:19,478b76ca0bfa9ea15076f7e6ab279dd9356d2719d846f16c9c34939404632c8c,0xb374ACdE1C9956e3Dbff58A6998877e362187263,0xA4091cA9FC5214F6dCcF3d31E087a4805b908911,0.0,500000,0
33,0x0000000000000000000000000000000000000000,8f87f3e32e2efed0e362304dfe4a05be1bc5bcbcd89de0c36966a456beb4d915,0,0,1297,0,2025-11-19 18:27:19,,,,,,
34,0x0000000000000000000000000000000000000000,5fec4f922146ea3237aebab53cc5473440c45d0076c5469e0b72886557e53933,1,0,1402,50832,2025-11-19 18:28:19,9d7f7f8397c32703b572f929049ca12031492c7f68a05c5272925fe4e16d0c0f,0xE1775d13ae8D710B3AD1a58c6974aDF2521d2714,0xA4091cA9FC5214F6dCcF3d31E087a4805b908911,0.0,500000,0
35,0x0000000000000000000000000000000000000000,6a823b3d8a1a34c3590dabeb1b21b4ca2e85e3b358235132ce6978a0cd9446d0,1,0,1402,50832,2025-11-19 18:29:19,89634af73c1c3b19900011301f72eaf14a95e61e934b1330e8754779dd9e9b56,0x5f15CC2c24a97ffBD42E5C79452Da95D3424Fbe9,0xA4091cA9FC5214F6dCcF3d31E087a4805b908911,0.0,500000,0
36,0x0000000000000000000000000000000000000000,1e18193b788d51b74cd1a8549b78d3feb3e108a0d2e60e1f32e10c8668853e6b,0,0,1297,0,2025-11-19 18:30:19,,,,,,
37,0x0000000000000000000000000000000000000000,77caa899640ef79d9d15dc9f64abe9f6d98fa8f7642962aec2e6caf43cad6503,0,0,1297,0,2025-11-19 18:31:19,,,,,,
38,0x0000000000000000000000000000000000000000,7b941032d9d54b977b0a9430bca942e1fb66d7f3de1825dedd900ac0c3aac917,0,0,1297,0,2025-11-19 18:32:19,,,,,,
39,0x0000000000000000000000000000000000000000,fe3bf644176bb0fe85f73176e313994257b934b23d464df2f3517b072eec53df,1,0,1500,91755,2025-11-19 18:33:19,09ae120fb2e8821a050f81259075409f097ec63100f4e70901e2a9dff3d48b0c,0x22c2BF5887F4C8A79418630018531Cf2b361f541,0xA4091cA9FC5214F6dCcF3d31E087a4805b908911,0.0,500000,0
40,0x0000000000000000000000000000000000000000,c4260196751bf4b581a3568d77bed45a43205b95bf7dd356d41c0a62cf0cec99,0,0,1297,0,2025-11-19 18:34:19,,,,,,
41,0x0000000000000000000000000000000000000000,fc9b31dc877b008a76af391bb5c208534d779ff67ffe199929623ba0c3b25e25,1,0,1499,91755,2025-11-19 18:35:19,4afbf608806a2afb5a7f14e61db519501e28f5ba8db56764021b4c3081c90a7c,0x79c931a7Acdb4b87AA27FCf42B20e069Ef01351F,0xA4091cA9FC5214F6dCcF3d31E087a4805b908911,0.0,500000,0
42,0x0000000000000000000000000000000000000000,8a3796308ef1a58989401c31b1ebf5096800bcbb7a089228ad9eabde979c300f,1,0,1500,91755,2025-11-19 18:36:19,697097e93fb6905e921f205f878dce4ede1206a2d7d85217b61e894d761495fe,0x6E7d6C4C0B5FCa6e4e721738328Ff5C79933007C,0xA4091cA9FC5214F6dCcF3d31E087a4805b908911,0.0,500000,0
43,0x0000000000000000000000000000000000000000,82f75911b7fbc59d08f1231ed8f80c3a89f0af2cbdc9ba1d5c3dab6ec44bb790,0,0,1297,0,2025-11-19 18:37:19,,,,,,
44,0x0000000000000000000000000000000000000000,e2e4c047461a5c7ce2bfbbbffe4516eeee56dcc4297f72659d817d086a3a1fc8,1,0,1500,91755,2025-11-19 18:38:19,2ecd63ec2a63fde0d3ce3cf4c0df3919697c5cfa8fbb9d0368267c44050021e3,0x5c7A88d5002c590621c42Defa2F8b3b9fdDA5480,0xA4091cA9FC5214F6dCcF3d31E087a4805b908911,0.0,500000,0
45,0x0000000000000000000000000000000000000000,fa870f34d7cbc178686ba04acdc8cf03afbb38d48c5f07182c88fd1d36ab0419,1,0,1500,91755,2025-11-19 18:39:19,355d80a7229ff37395aab0cb8cd3e4199de783448a06abd4508f04aef9173b65,0x6D1Af3f61D50eeEb44afcA0bC14cF7dd13e214d0,0xA4091cA9FC5214F6dCcF3d31E087a4805b908911,0.0,500000,0
46,0x0000000000000000000000000000000000000000,7fc8aa7f30f18c746df8baf0127cae734c4e3714a4fd68bdcc4e0e27577d13b4,1,0,1500,91755,2025-11-19 18:40:19,1da5bec4d545d7f690da5c0028b63dbdfe3b1220d11b7adccea28828c9d4004d,0xDD64f6B9AE3d7879FBCA52ae1deC358ba846c8C4,0xA4091cA9FC5214F6dCcF3d31E087a4805b908911,0.0,500000,0
47,0x0000000000000000000000000000000000000000,ec2659e951df0f248dcdcf64472d5da85455d4f1ab04e62a65510c4be010c2d2,1,0,1500,91755,2025-11-19 18:41:19,5cf9c329eda21b6cd8853a3cd6b2440dd179276417cb868bf3f41abd31e49c1a,0x36D9D66537d0940EBcb18E6a613B3D0FE3E97893,0xA4091cA9FC5214F6dCcF3d31E087a4805b908911,0.0,500000,0
48,0x0000000000000000000000000000000000000000,c96454eb91c556f805aaee9d7b77cc52cfa9bdc7aaaa25deb4c8f05eacecef54,1,0,1500,91755,2025-11-19 18:42:19,ce26619e0549edc92232359e64602e7f08e658946dec7abc7d6e4fdadf42bc3e,0xb374ACdE1C9956e3Dbff58A6998877e362187263,0xA4091cA9FC5214F6dCcF3d31E087a4805b908911,0.0,500000,0
49,0x0000000000000000000000000000000000000000,2f234aeb30627027241515c46b75cf8c4caf274b4c5383da27aca593797b93a5,1,0,1500,91755,2025-11-19 18:43:19,4da359e530b33ac8baced0ba25d21d5a74da83700ff0ed6347ee14288a1b8937,0xE1775d13ae8D710B3AD1a58c6974aDF2521d2714,0xA4091cA9FC5214F6dCcF3d31E087a4805b908911,0.0,500000,0
50,0x0000000000000000000000000000000000000000,2407968768353fc261ff7a3698fda137edaff727a89506095c1da743350d6b9a,1,0,1500,91755,2025-11-19 18:44:19,ade26c045b2b8926b908d4ae3e5b1f2ed87d3837515122b1c1db99e36bde5c6b,0x5f15CC2c24a97ffBD42E5C79452Da95D3424Fbe9,0xA4091cA9FC5214F6dCcF3d31E087a4805b908911,0.0,500000,0
51,0x0000000000000000000000000000000000000000,aa37bb690c7bec88d9f5b9119c4149b34a6fa0274be1ab86c27e1cf326d7f372,1,0,1403,126748,2025-11-19 18:45:19,b215dbfe07ba62e2ddbca3a587bb450198d21f23150ca6831f24b2389a0153f8,0x5f15CC2c24a97ffBD42E5C79452Da95D3424Fbe9,0xA4091cA9FC5214F6dCcF3d31E087a4805b908911,0.0,500000,0
52,0x0000000000000000000000000000000000000000,91dfa655a8a44c4dcda92cd2407f5fef80b61198f9a29d83fae693ca225890b5,1,0,1402,46345,2025-11-19 18:46:19,1c057a4f724f97160ae6c5b74c10bad26e65c2a3e48cb974b7f72a1b69bd6c35,0x5f15CC2c24a97ffBD42E5C79452Da95D3424Fbe9,0xA4091cA9FC5214F6dCcF3d31E087a4805b908911,0.0,500000,0
53,0x0000000000000000000000000000000000000000,6a51962587987c85af442f17f366f6f5137063ae8d0b46f9b33b954cb30e0d3d,0,0,1297,0,2025-11-19 18:47:19,,,,,,
54,0x0000000000000000000000000000000000000000,7ac4855c8705b78381bf923c034f1f337c6578c9e8125ff77afa0bd38dae37bb,1,0,1435,108462,2025-11-19 18:48:19,f6362a32cee91e7daf3976e0566af1c7e13a939ee6d344d55b1075998c18e0a8,0x5f15CC2c24a97ffBD42E5C79452Da95D3424Fbe9,0xA4091cA9FC5214F6dCcF3d31E087a4805b908911,0.0,500000,0
55,0x0000000000000000000000000000000000000000,c9a6ec0b932f79b2fda1e451e6bfaaa3cc170ae8e816349bd86d48610e4e8ef5,1,0,1435,93462,2025-11-19 18:49:19,07147f69545a862d440f7557ddf82d28e6217f65b9a465a4109dff6648ac0afb,0xE1775d13ae8D710B3AD1a58c6974aDF2521d2714,0xA4091cA9FC5214F6dCcF3d31E087a4805b908911,0.0,500000,0
56,0x0000000000000000000000000000000000000000,8503fd093599a30f406bd41dbad63a8517dbc9c30ce5fc5c93c9494908f6a31f,1,0,1435,93462,2025-11-19 18:50:19,22446b9b61725ebf8b35b4b702303bb39aed9f6370f2525af961fa8b97cb607a,0xb374ACdE1C9956e3Dbff58A6998877e362187263,0xA4091cA9FC5214F6dCcF3d31E087a4805b908911,0.0,500000,0
57,0x0000000000000000000000000000000000000000,c1ea1229cd228fde55ab1231d17d3b0d3724ba021defb9f016a595cf7650d35b,1,0,1435,93462,2025-11-19 18:51:19,2c1c47258eac0d1d31508a16eff196c83b0d3d1a4e295bf90fa70fb8884886d3,0x36D9D66537d0940EBcb18E6a613B3D0FE3E97893,0xA4091cA9FC5214F6dCcF3d31E087a4805b908911,0.0,500000,0
58,0x0000000000000000000000000000000000000000,56f6ccf27dbdd43ea89b5da24820c906679db38068a17a4f453fe3571da53c7d,0,0,1297,0,2025-11-19 18:52:19,,,,,,
59,0x0000000000000000000000000000000000000000,f3f8897018e1640bd66231f8c710d3b3b817d2f5c2841778349c8a32d197e55c,1,0,1435,93462,2025-11-19 18:53:19,d9cb2c3350f0e3e61db231912a5098513c69efc77e2d8cf218ac49d27c3ba400,0xDD64f6B9AE3d7879FBCA52ae1deC358ba846c8C4,0xA4091cA9FC5214F6dCcF3d31E087a4805b908911,0.0,500000,0
60,0x0000000000000000000000000000000000000000,628ccc277fce2cae66c36319acd3bb6ac479c6c1a6cb125a979251486874df32,0,0,1297,0,2025-11-19 18:54:19,,,,,,
61,0x0000000000000000000000000000000000000000,04c39ad7082848b1b793f571fa957c508fd0b84c24488f0715e134c0a247fddb,1,0,1434,24061,2025-11-19 18:55:19,945648f31e7e91518e355a8f7b872123514e24f8296a817434f122c68eeff436,0x6D1Af3f61D50eeEb44afcA0bC14cF7dd13e214d0,0xA4091cA9FC5214F6dCcF3d31E087a4805b908911,0.0,500000,0
62,0x0000000000000000000000000000000000000000,a9dbaa1d9dc131ed1d1842b7765ea798e2eb43ff01f51da0c29886b1aac52fc0,1,0,1403,100384,2025-11-19 18:56:19,b762b8abdbd24d3650d752f4667b74550d72105b1b778324de497ec016955597,0x6D1Af3f61D50eeEb44afcA0bC14cF7dd13e214d0,0xA4091cA9FC5214F6dCcF3d31E087a4805b908911,0.0,500000,0
63,0x0000000000000000000000000000000000000000,ce7a0e5cefc9f649617db888d2915e69e16e48cde0858ba7cac98411919e61b2,0,0,1297,0,2025-11-19 18:57:19,,,,,,
64,0x0000000000000000000000000000000000000000,8bfbaf67863c99a23cf3bad5dd9c0ac690c703406c9bd632cce2202219a2eef4,0,0,1297,0,2025-11-19 18:58:19,,,,,,
65,0x0000000000000000000000000000000000000000,da044e05eba2422bbdbe142b4a3a33393234b6f5913fd55d1eaf778976ad4e23,1,0,1402,32260,2025-11-19 18:59:19,3d2a9e6a2d0e5b3da9888b49b8785e6fb48509d012cf92f8a6f819a23f8432c7,0x5f15CC2c24a97ffBD42E5C79452Da95D3424Fbe9,0xA4091cA9FC5214F6dCcF3d31E087a4805b908911,0.0,500000,0
66,0x0000000000000000000000000000000000000000,cd81d9965f42719eab116ded86ec7a95913306fb68cefbc62bd5d576caa09c2b,0,0,1297,0,2025-11-19 19:00:19,,,,,,
67,0x0000000000000000000000000000000000000000,97af7e510f2b1329aeb1f7df9db0644e2b1c0b6ec28f4c4e858455f4bd4cde06,1,0,1403,153770,2025-11-19 19:01:19,6ebbe273499e6f532737458c9b1fb907bc4565707925fe94c88242ac1a0418a8,0x5f15CC2c24a97ffBD42E5C79452Da95D3424Fbe9,0xA4091cA9FC5214F6dCcF3d31E087a4805b908911,0.0,500000,0
68,0x0000000000000000000000000000000000000000,0355d11c756f36ac0229549b286d89c012a9390affdb3cb197e63a568c990950,0,0,1297,0,2025-11-19 19:02:19,,,,,,
69,0x0000000000000000000000000000000000000000,6be25bbec7c1b90d9ba80972fba8920d85f31776f945d1db2019fcc256f5e8fa,1,0,1500,76755,2025-11-19 19:03:19,594704797715895e1e35c9c72ba85ba83826335f2691e663f711e05263f46dd3,0x5f15CC2c24a97ffBD42E5C79452Da95D3424Fbe9,0xA4091cA9FC5214F6dCcF3d31E087a4805b908911,0.0,500000,0
70,0x0000000000000000000000000000000000000000,10a4a22d77ab9e8903f7b9f6424e626add49df693eaeb49963bcb7d82c172289,1,0,1500,76755,2025-11-19 19:04:19,da6b5584bdc16502e1c525cd9cd602f3d5c846c6b5ba2ca87f3f0244bd046444,0xE1775d13ae8D710B3AD1a58c6974aDF2521d2714,0xA4091cA9FC5214F6dCcF3d31E087a4805b908911,0.0,500000,0
71,0x0000000000000000000000000000000000000000,55c5c77928863550fd3583aa35ad9a1296387dcf9af9aa3940fd51dd2be254da,1,0,1500,76755,2025-11-19 19:05:19,b8435d8555a5e7342cfcd53286cfb59a508bd8a5a56fbd1bdf9850a42e24d319,0xb374ACdE1C9956e3Dbff58A6998877e362187263,0xA4091cA9FC5214F6dCcF3d31E087a4805b908911,0.0,500000,0
72,0x0000000000000000000000000000000000000000,5bf177d006ac83a892175620b7f8e2ba51c9cb8fb74edd15aca0007942c8e549,1,0,1500,76755,2025-11-19 19:06:19,db004a3f5206915a497ffd2e80f426ed523f12ec46d4adc2ec799b801a10d4f4,0x36D9D66537d0940EBcb18E6a613B3D0FE3E97893,0xA4091cA9FC5214F6dCcF3d31E087a4805b908911,0.0,500000,0
73,0x0000000000000000000000000000000000000000,0bb3077908a64ea7149b7ba5b77094be74869d6429ae65992e9875d316cfbc19,0,0,1297,0,2025-11-19 19:07:19,,,,,,
74,0x0000000000000000000000000000000000000000,5a80c879dcf3f67a2f28b376fcb911efe3f628e0fc39687a0d2ab53e202c9544,1,0,1500,76755,2025-11-19 19:08:19,c2f8b7e89a1f09e00a87acd63ef5847cb8b5f86c48f99c6b26c12786d0f2abca,0xDD64f6B9AE3d7879FBCA52ae1deC358ba846c8C4,0xA4091cA9FC5214F6dCcF3d31E087a4805b908911,0.0,500000,0
75,0x0000000000000000000000000000000000000000,ea178612c971e8344f936afb86db4dcf9da8653b896c98e6f34bf8e05956e622,0,0,1297,0,2025-11-19 19:09:19,,,,,,
76,0x0000000000000000000000000000000000000000,a7c4b1603778fa8a2c1b5053be07090429124d7b6a92f45950aa2592a13f9d28,1,0,1500,76755,2025-11-19 19:10:19,908790e788202ccf07443edbba0a04a20af3650de33ffd41a53fcb604688cb10,0x6D1Af3f61D50eeEb44afcA0bC14cF7dd13e214d0,0xA4091cA9FC5214F6dCcF3d31E087a4805b908911,0.0,500000,0
77,0x0000000000000000000000000000000000000000,cba9186111aac42373fdb33db4705f619f6d858f834e7dd2b5123e45ab116ce3,1,0,1500,76755,2025-11-19 19:11:19,10871d03eb6140d45fc70b6b36c9ee9e800acbb496f6ffb4a46d8322c8db9ccd,0x5c7A88d5002c590621c42Defa2F8b3b9fdDA5480,0xA4091cA9FC5214F6dCcF3d31E087a4805b908911,0.0,500000,0
78,0x0000000000000000000000000000000000000000,fb1d22e8e2c01aba22ac13c7046ced8f991b5bae5c1b0c36f94d6a999c30fdf3,0,0,1297,0,2025-11-19 19:12:19,,,,,,
79,0x0000000000000000000000000000000000000000,bae04906e2a124c372648d9b51cf3165314925df72815c2d46322353ac62efbc,1,0,1500,76755,2025-11-19 19:13:19,41717352b74bc348f7a969a144f57f6084615b7fafa35092235bb4191eafe668,0x6E7d6C4C0B5FCa6e4e721738328Ff5C79933007C,0xA4091cA9FC5214F6dCcF3d31E087a4805b908911,0.0,500000,0
80,0x0000000000000000000000000000000000000000,1dbe672eafe24310ee76545dc9310446fc4e2d9396625fcb9840955ea9519293,1,0,1500,76755,2025-11-19 19:14:19,51affbe097fe1ee0d4435624c5276e532d17f21717b9bb2d21b2cfeb3bc85bf0,0x79c931a7Acdb4b87AA27FCf42B20e069Ef01351F,0xA4091cA9FC5214F6dCcF3d31E087a4805b908911,0.0,500000,0
81,0x0000000000000000000000000000000000000000,0095c95c068ae2b5361d99403373aabf5616365d635ae60d70845e11a2a8f6bc,1,0,1500,76755,2025-11-19 19:15:19,59dad80307d0426c61958db8ff5fe163675144198429b0d3c7f16897b935b2b9,0x22c2BF5887F4C8A79418630018531Cf2b361f541,0xA4091cA9FC5214F6dCcF3d31E087a4805b908911,0.0,500000,0
82,0x0000000000000000000000000000000000000000,b08133301f64bcb2a8cae8f90dbb27857aa0c5eae27c85d37efa27c0173a7c04,0,0,1297,0,2025-11-19 19:16:19,,,,,,
83,0x0000000000000000000000000000000000000000,a986a7ef64dc3e4dc744ab8cb15762f4cb40b26326ceeb0f67746395d16fb813,1,0,1403,112538,2025-11-19 19:17:19,53f88f395a51db8685d71f9435cf3cdf3c110c539879891e61b0c904d5c3815c,0x5f15CC2c24a97ffBD42E5C79452Da95D3424Fbe9,0xA4091cA9FC5214F6dCcF3d31E087a4805b908911,0.0,500000,0
84,0x0000000000000000000000000000000000000000,6cdeb512f9a1f547f08a3d471529d6df3f7c94672f8feedb5df2b073d0b7aa98,0,0,1297,0,2025-11-19 19:18:19,,,,,,
85,0x0000000000000000000000000000000000000000,40cae6f00ee3394f284daa9f7443e0bdb56ee70aee562a5460a7e63be6fe8434,1,0,1402,46345,2025-11-19 19:19:19,29633055b542b283da324d30d026ff7773ee53498b7a9b9be0d1449127770255,0x5f15CC2c24a97ffBD42E5C79452Da95D3424Fbe9,0xA4091cA9FC5214F6dCcF3d31E087a4805b908911,0.0,500000,0
86,0x0000000000000000000000000000000000000000,769a6ae6a5ddc9eed6188e6839bd926e1b1544cc6167c329a8523e2cb10de256,0,0,1297,0,2025-11-19 19:20:19,,,,,,
87,0x0000000000000000000000000000000000000000,b31793f44acc044dea395b96365589e80c01df4cb2cf0c6e65f18f840c4f72b9,1,0,1435,108462,2025-11-19 19:21:19,d40b985e3a2854135fedfae9b685b3115417290d35b0f9edb1d07448c4c02fc4,0x22c2BF5887F4C8A79418630018531Cf2b361f541,0xA4091cA9FC5214F6dCcF3d31E087a4805b908911,0.0,500000,0
88,0x0000000000000000000000000000000000000000,f8ac550a7f1e3ac34b639acd419432ac9053609d9dcfc8a3f84fbd59c618b126,1,0,1435,93462,2025-11-19 19:22:19,b5bc1548fee741c49d00b46b51dd0c61a1d2282cbdf4003e744b611588324994,0x79c931a7Acdb4b87AA27FCf42B20e069Ef01351F,0xA4091cA9FC5214F6dCcF3d31E087a4805b908911,0.0,500000,0
89,0x0000000000000000000000000000000000000000,b1e1cb98a9671c101a742ba26dd099b98df19dfb7bca0e238c7dfaade66760cc,1,0,1435,93462,2025-11-19 19:23:19,d35b5c1c25e5d654484260cff5d2b5f30463a48bedfeb2e66ec803f4b8aca042,0x6E7d6C4C0B5FCa6e4e721738328Ff5C79933007C,0xA4091cA9FC5214F6dCcF3d31E087a4805b908911,0.0,500000,0
90,0x0000000000000000000000000000000000000000,25a2780a333aaff181f599eeb17fab5c6ee88667579173726ed6b9d0d33bddb5,1,0,1435,93462,2025-11-19 19:24:19,e49ad9b9a49b7ca96bb0959de81e6b789b35a8df3e21d09bcd620c497f02dbf9,0x5c7A88d5002c590621c42Defa2F8b3b9fdDA5480,0xA4091cA9FC5214F6dCcF3d31E087a4805b908911,0.0,500000,0
91,0x0000000000000000000000000000000000000000,63be134b120ff955db04cb1a3bc1b2dcbb10dae8bf64fdec38996253c4361657,1,0,1435,93462,2025-11-19 19:25:19,2cc69bbad7dbda133ed05984fb2f0b37c65905a66092ee9e4edca17feaeb1eeb,0x6D1Af3f61D50eeEb44afcA0bC14cF7dd13e214d0,0xA4091cA9FC5214F6dCcF3d31E087a4805b908911,0.0,500000,0
92,0x0000000000000000000000000000000000000000,11dc1a8708084677e01b681b0c22057ab5039a5b8bd1f5ba15b853521ced4bd4,1,0,1434,24061,2025-11-19 19:26:19,b8d206ba28cebc41c237c1de6e3217ad65f0e8299fb81c66e7ccd0fcae159e9d,0xDD64f6B9AE3d7879FBCA52ae1deC358ba846c8C4,0xA4091cA9FC5214F6dCcF3d31E087a4805b908911,0.0,500000,0
93,0x0000000000000000000000000000000000000000,5519ea0d6bcba8f360d77970e7a09da7807ad63c093fd38a8876e7bd94bef1f6,1,0,1403,71174,2025-11-19 19:27:19,8b69a417ec51b60f5a6ec3208bbf6961a9f4191e054bd2a60f3c6372a3b7443c,0x6D1Af3f61D50eeEb44afcA0bC14cF7dd13e214d0,0xA4091cA9FC5214F6dCcF3d31E087a4805b908911,0.0,500000,0
94,0x0000000000000000000000000000000000000000,2def0ac75fc1df5f6e34a58fea66aac7c0896b479d3a5f5b4f2471d83fdeab1e,1,0,1402,32260,2025-11-19 19:28:19,103efac1258ebb658b0d4ecb16772191a7f29ca42522dc1456e1c00f62f6bf3e,0x5f15CC2c24a97ffBD42E5C79452Da95D3424Fbe9,0xA4091cA9FC5214F6dCcF3d31E087a4805b908911,0.0,500000,0
95,0x0000000000000000000000000000000000000000,091fc662f748ea89247f7dc898bef9007cf4521db3dc4bfcff0435b4c4d4122d,1,0,1403,153770,2025-11-19 19:29:19,96fd4087247e66ab09a979aa25e7124fa6b082cf35c879057fc0ded2117f009e,0x5f15CC2c24a97ffBD42E5C79452Da95D3424Fbe9,0xA4091cA9FC5214F6dCcF3d31E087a4805b908911,0.0,500000,0
96,0x0000000000000000000000000000000000000000,a6a206f23a638dcdb5a37d8ee733936d485b84609540e62fd5c3b87988f2ed01,1,0,1500,76755,2025-11-19 19:30:19,0b4d40bbd054061b2221854f43a81f0a84cde2793a3111cd8e6bbabe6af6c5ba,0x22c2BF5887F4C8A79418630018531Cf2b361f541,0xA4091cA9FC5214F6dCcF3d31E087a4805b908911,0.0,500000,0
97,0x0000000000000000000000000000000000000000,40a3667520fed2ec5b254d21316524640ce61bf02efd78631adc89fe3f8cedef,1,0,1500,76755,2025-11-19 19:31:19,cc756c92c51ddffa7ca2dfc03d15e364db08916068c49e7ab9291661dab4e8a4,0x79c931a7Acdb4b87AA27FCf42B20e069Ef01351F,0xA4091cA9FC5214F6dCcF3d31E087a4805b908911,0.0,500000,0
98,0x0000000000000000000000000000000000000000,230b792fb308edd7b0decda39343872621b9c423dda9c73cb3d5f5e3cdbac19f,1,0,1500,76755,2025-11-19 19:32:19,390832e345564deddd0392aaa16ce9b03e9b7872d65569c4d9a44dea717e8889,0x6E7d6C4C0B5FCa6e4e721738328Ff5C79933007C,0xA4091cA9FC5214F6dCcF3d31E087a4805b908911,0.0,500000,0
99,0x0000000000000000000000000000000000000000,1c61e462bb2f5b5f7b89dfa574b11e3f4ea009b0e047743cb30c2566fde097b3,1,0,1500,76755,2025-11-19 19:33:19,7c4d0bbd916316056bb8dbbc488a53d668dff2f94200861855da6c5b9d4d44e8,0x5c7A88d5002c590621c42Defa2F8b3b9fdDA5480,0xA4091cA9FC5214F6dCcF3d31E087a4805b908911,0.0,500000,0
100,0x0000000000000000000000000000000000000000,b2a9c942a4e6b8dc46062be07a65e147e7d88fdf8f2b6ba05f5172df3b2410db,1,0,1500,76755,2025-11-19 19:34:19,d65cbc27de90359ff01c457cb1f735ddc4fe6c33cfad28b9bbfc8e5d4b3112ad,0x6D1Af3f61D50eeEb44afcA0bC14cF7dd13e214d0,0xA4091cA9FC5214F6dCcF3d31E087a4805b908911,0.0,500000,0
101,0x0000000000000000000000000000000000000000,5dd90b193bf72488e254a1ef012a43f1115df07e9b1c1a11b9fd84eef66ecba9,1,0,1500,76755,2025-11-19 19:35:19,9e26c8868fcd197168764001152cade9128e2df85734a50e28da2b245624b52e,0xDD64f6B9AE3d7879FBCA52ae1deC358ba846c8C4,0xA4091cA9FC5214F6dCcF3d31E087a4805b908911,0.0,500000,0
102,0x0000000000000000000000000000000000000000,e54e4ed96813fd06395755d58315839bccf9bda9f1afe49d4fe209249135ad71,1,0,1500,76755,2025-11-19 19:36:19,ba39c49ab598ee3ee7924bd9f967b75be38c1b2c6f892363fcb9f5f3e804b531,0x36D9D66537d0940EBcb18E6a613B3D0FE3E97893,0xA4091cA9FC5214F6dCcF3d31E087a4805b908911,0.0,500000,0
103,0x0000000000000000000000000000000000000000,9229c3a0f1df2365d657c02176422236d75f3af5ca6450e0ec6ffad421a0bf94,1,0,1500,76755,2025-11-19 19:37:19,76b0823d8ded5937210453fdf831fa3bf15c61118c3c840227bf7e38be6e510b,0xb374ACdE1C9956e3Dbff58A6998877e362187263,0xA4091cA9FC5214F6dCcF3d31E087a4805b908911,0.0,500000,0
104,0x0000000000000000000000000000000000000000,a551a666465a624ccc9252f78edd91afc40201df6baf172236d70651bb17dbbf,1,0,1500,76755,2025-11-19 19:38:19,a89fce5f8a99a29def333fbc6d83c6dd24ea889f01b0febdbb8c4237f9e88d79,0xE1775d13ae8D710B3AD1a58c6974aDF2521d2714,0xA4091cA9FC5214F6dCcF3d31E087a4805b908911,0.0,500000,0
105,0x0000000000000000000000000000000000000000,209cfbf00d1b23a993a40a3f32f46c2790cb02f1673ae2a058fb2d4682361cee,1,0,1500,76755,2025-11-19 19:39:19,d8763b7e0db2472ac00a4390b58cad8bb944eaa58715f0a74c4fdb84e058f477,0x5f15CC2c24a97ffBD42E5C79452Da95D3424Fbe9,0xA4091cA9FC5214F6dCcF3d31E087a4805b908911,0.0,500000,0
106,0x0000000000000000000000000000000000000000,567671f89a5d5f73f31ad5eaf53d46784f8452cae86f72b3642c929a8213f093,1,0,1403,112538,2025-11-19 19:40:19,ace1e8b1decc02a51698bbc2b10627dc9a065d928295a9bbaba9d62c7ac909ab,0x5f15CC2c24a97ffBD42E5C79452Da95D3424Fbe9,0xA4091cA9FC5214F6dCcF3d31E087a4805b908911,0.0,500000,0
107,0x0000000000000000000000000000000000000000,17c439353beaece05217eb49aa892e7016b8a4f0fc1bb8cb71ce24fcd3b561d8,1,0,1402,46345,2025-11-19 19:41:19,4f359375670f785458833ba368d457717a91c883b78eac5a2bf77e3816b40cb7,0x5f15CC2c24a97ffBD42E5C79452Da95D3424Fbe9,0xA4091cA9FC5214F6dCcF3d31E087a4805b908911,0.0,500000,0
108,0x0000000000000000000000000000000000000000,8c2eb68ce37dd8a006ab045c4245de1f52aa39654b3786f7c316b0172448d6ad,0,0,1297,0,2025-11-19 19:42:19,,,,,,
109,0x0000000000000000000000000000000000000000,a210f86bd4deb940d804c10fa95b23e3fad9f59fa5a1d33b2a14ab93018e9341,1,0,1435,108462,2025-11-19 19:43:19,93557517ca9f6d28c5f5973627363e7bf61b2a8d56f9f6b01db7829f38f0f5c1,0x22c2BF5887F4C8A79418630018531Cf2b361f541,0xA4091cA9FC5214F6dCcF3d31E087a4805b908911,0.0,500000,0
110,0x0000000000000000000000000000000000000000,82a7cd95562554d3429eb103354e4d54c4493b7cd5ae2160c3df0e4dff21321d,1,0,1435,93462,2025-11-19 19:44:19,740d9b584cb786e88f99197a574a11f98f831d946d3d0ab34ee1d9545757bb9e,0x79c931a7Acdb4b87AA27FCf42B20e069Ef01351F,0xA4091cA9FC5214F6dCcF3d31E087a4805b908911,0.0,500000,0
111,0x0000000000000000000000000000000000000000,19b56be2c8861b6e3cc849e2d2b385f3003e3ea488c055a65c6902d8fae33f10,1,0,1435,93462,2025-11-19 19:45:19,b06fba0f2e4a663de59dcfacc33d1665bb5a6f92e8faa1d484654177390571cd,0x6E7d6C4C0B5FCa6e4e721738328Ff5C79933007C,0xA4091cA9FC5214F6dCcF3d31E087a4805b908911,0.0,500000,0
112,0x0000000000000000000000000000000000000000,82c9bc59892a869e6fbf7d82ff826b3f54fb6470088a3ea2843693a42857dcf6,0,0,1297,0,2025-11-19 19:46:19,,,,,,
113,0x0000000000000000000000000000000000000000,600c85f5688248b9f5fa11a0cf3d68225df141f74ed89f9ab6361f67ef72f0e7,0,0,1297,0,2025-11-19 19:47:19,,,,,,
114,0x0000000000000000000000000000000000000000,43136f4eead9a5943914ceb9080d905f07f0808a7f8a8ab562305ad97ebf7886,1,0,1435,93462,2025-11-19 19:48:19,53a4df5944833f908d3d499fcbcb065bca3f03678dde2ba4896cb85b4be597b7,0x5c7A88d5002c590621c42Defa2F8b3b9fdDA5480,0xA4091cA9FC5214F6dCcF3d31E087a4805b908911,0.0,500000,0
115,0x0000000000000000000000000000000000000000,b86c249574393e67a33eb7e59cb84126317a81cd26342fd105073c8b486540d4,0,0,1297,0,2025-11-19 19:49:19,,,,,,
116,0x0000000000000000000000000000000000000000,7020786329a274e396814a5719daded403d89d02ef865d46d90b5b50a50cdf44,1,0,1435,93462,2025-11-19 19:50:19,be49337c4658932103af6225cbaf921ae1bc6006a89b435656332fdbe8544a1f,0x6D1Af3f61D50eeEb44afcA0bC14cF7dd13e214d0,0xA4091cA9FC5214F6dCcF3d31E087a4805b908911,0.0,500000,0
117,0x0000000000000000000000000000000000000000,936b3404c2810a04d40516ef067f08fb76293d01df2dc017c6e2031ad719440d,1,0,1434,24061,2025-11-19 19:51:19,dd838caa3643b011219699f957bd075689d5dc21872e1acb18721456cf629e91,0xDD64f6B9AE3d7879FBCA52ae1deC358ba846c8C4,0xA4091cA9FC5214F6dCcF3d31E087a4805b908911,0.0,500000,0
118,0x0000000000000000000000000000000000000000,4ea8bf6d9c18f5cb4472bc96119c77f7a63365090232c91c1d1c865afab07009,1,0,1403,71174,2025-11-19 19:52:19,500c04f7b70fb6eee7041a4002956fd82f644aa1f0004ad3e9205c5395802bd2,0x6D1Af3f61D50eeEb44afcA0bC14cF7dd13e214d0,0xA4091cA9FC5214F6dCcF3d31E087a4805b908911,0.0,500000,0
119,0x0000000000000000000000000000000000000000,d2a00d1423aa1cbf96a7ce04347e898e58a6b90ca1e9e6f1654ac5c519e35f8d,1,0,1402,32260,2025-11-19 19:53:19,05ed64e9097bd7e9f330745d7d9b9503b60b1c77435da9858545a6d542f19ce0,0x5f15CC2c24a97ffBD42E5C79452Da95D3424Fbe9,0xA4091cA9FC5214F6dCcF3d31E087a4805b908911,0.0,500000,0
120,0x0000000000000000000000000000000000000000,7d71218970c9e84ac969a1f10902215da3fc034833a3696da7b90c78c445891d,1,0,1403,153770,2025-11-19 19:54:19,a1fbb89874b7120272856fa8491671b1bd75edbe1af8ebce21ce0c4c171064d1,0x5f15CC2c24a97ffBD42E5C79452Da95D3424Fbe9,0xA4091cA9FC5214F6dCcF3d31E087a4805b908911,0.0,500000,0
121,0x0000000000000000000000000000000000000000,5ffe608f4dce04f57168349e47797b9090a479944628862d1421a3f41ea54913,1,0,1500,76755,2025-11-19 19:55:19,227d9deedf2b6fec9c8c25e99746c43be8550a4e47bb3bdd1f2de6fa44371b1a,0x5f15CC2c24a97ffBD42E5C79452Da95D3424Fbe9,0xA4091cA9FC5214F6dCcF3d31E087a4805b908911,0.0,500000,0
122,0x0000000000000000000000000000000000000000,00989feae1c447edf9ae939dcdb56646b915ea312e2ac9f45f6c367dda88d9e3,1,0,1500,76755,2025-11-19 19:56:19,70057c24bb09b9fae3309db04144bace98c4525663f9ad6840955c8e79b82cfd,0xE1775d13ae8D710B3AD1a58c6974aDF2521d2714,0xA4091cA9FC5214F6dCcF3d31E087a4805b908911,0.0,500000,0
123,0x0000000000000000000000000000000000000000,8072b8f3c5b32e7b11a788834890b4b38a5b39fcac5f839b336cfaed3d794702,1,0,1500,76755,2025-11-19 19:57:19,a24348dd0eef56a2f82c569b1c93fa021ab9752cea70cd0b88e3e6db7393413d,0xb374ACdE1C9956e3Dbff58A6998877e362187263,0xA4091cA9FC5214F6dCcF3d31E087a4805b908911,0.0,500000,0
124,0x0000000000000000000000000000000000000000,9eeeab9156ccf92a535ca86a9177b7aef17db483fe0b011e12ff64e3acbc85fb,1,0,1500,76755,2025-11-19 19:58:19,017d8e9743901927e8bc489ba27a38784fe9a6bdb6b5adf39b34d0ed73ab35f5,0x36D9D66537d0940EBcb18E6a613B3D0FE3E97893,0xA4091cA9FC5214F6dCcF3d31E087a4805b908911,0.0,500000,0
125,0x0000000000000000000000000000000000000000,42ffb544177ef8535e1387f4bbb262976340bd068065b6a470fa135a0e447e37,1,0,1500,76755,2025-11-19 19:59:19,024667a1722be6760173033de6774db46e51442e572ee54ad043104933aa6d81,0xDD64f6B9AE3d7879FBCA52ae1deC358ba846c8C4,0xA4091cA9FC5214F6dCcF3d31E087a4805b908911,0.0,500000,0
126,0x0000000000000000000000000000000000000000,455038fc43fe482ce5c3d5a5a42d1b13e6768d9e8ef839d56e505b97f2b2c452,0,0,1297,0,2025-11-19 20:00:19,,,,,,
127,0x0000000000000000000000000000000000000000,1fc22fad7eb3a9f42b57dc11cb68855a18829af131bd6b885cfbbac360ac37db,1,0,1500,76755,2025-11-19 20:01:19,17fa7edacd6bd338a08fd095670141577ab013e245bd5dd333e3e28aae6fb3d1,0x6D1Af3f61D50eeEb44afcA0bC14cF7dd13e214d0,0xA4091cA9FC5214F6dCcF3d31E087a4805b908911,0.0,500000,0
128,0x0000000000000000000000000000000000000000,62625e19df8b67a221444f3f25fffd33c0317c23f867374ab88c7d5a79e199a9,1,0,1501,76755,2025-11-19 20:02:19,da895cad767fd50c4fd5df93b08bf3909eae0eb9256cf219bce75de772b17200,0x5c7A88d5002c590621c42Defa2F8b3b9fdDA5480,0xA4091cA9FC5214F6dCcF3d31E087a4805b908911,0.0,500000,0
129,0x0000000000000000000000000000000000000000,31cd14feef81d0e01e7b07eb0f8e746fc714935b9449e9529f40d30bd751d373,1,0,1501,76755,2025-11-19 20:03:19,65695604b9d5c8919cf12b33742551b005a7e17cce09dde6001821437edcfbda,0x6E7d6C4C0B5FCa6e4e721738328Ff5C79933007C,0xA4091cA9FC5214F6dCcF3d31E087a4805b908911,0.0,500000,0
130,0x0000000000000000000000000000000000000000,3f20222b642ee907a0c5a44fcb58369e1d8455ca666ea36c5bc44957768cfa57,1,0,1501,76755,2025-11-19 20:04:19,e5685f8f9159fa9cd8980bd5abe28e1a29cfcee94828954718356676cf4b1dd6,0x79c931a7Acdb4b87AA27FCf42B20e069Ef01351F,0xA4091cA9FC5214F6dCcF3d31E087a4805b908911,0.0,500000,0
131,0x0000000000000000000000000000000000000000,dfdb78d843929c3763418e5a4a2893897d6c0b072fde3ac8d96cf99aa25d5ab6,1,0,1501,76755,2025-11-19 20:05:19,20368a1b39d89c8140e708b4160af52cd21ddfad2763bfd21ba840b83e268a2f,0x22c2BF5887F4C8A79418630018531Cf2b361f541,0xA4091cA9FC5214F6dCcF3d31E087a4805b908911,0.0,500000,0
132,0x0000000000000000000000000000000000000000,1ebcd3263a2507a5106126e1142c9666e9b56788e24e4639a1bacd2fa3d9a818,1,0,1404,112538,2025-11-19 20:06:19,519209a0923a3914536149df4e0df5f85aba38233dfb3bae27574878328793c1,0x5f15CC2c24a97ffBD42E5C79452Da95D3424Fbe9,0xA4091cA9FC5214F6dCcF3d31E087a4805b908911,0.0,500000,0
133,0x0000000000000000000000000000000000000000,75c8edb80589633adc46da6eb8e5c1dafd2681a6c8b771f40cff072724c3d643,1,0,1403,46345,2025-11-19 20:07:19,02cc5923c13deef77ced3ef014983d9d90df9c06a29fcbb8f11b57c074e77cca,0x5f15CC2c24a97ffBD42E5C79452Da95D3424Fbe9,0xA4091cA9FC5214F6dCcF3d31E087a4805b908911,0.0,500000,0
134,0x0000000000000000000000000000000000000000,33554f05353bd4f1f12b9f71b75a73bbef0472a3625debffde6d40dac91938e2,1,0,1436,108450,2025-11-19 20:08:19,8e8e00acb217c0a8c69701015c757132f6ca6916b4ddf9703810420b95b32aba,0x22c2BF5887F4C8A79418630018531Cf2b361f541,0xA4091cA9FC5214F6dCcF3d31E087a4805b908911,0.0,500000,0
135,0x0000000000000000000000000000000000000000,8b7f92d7deeda99696f6cfa251f841d9e5d56e2dfffaa5395c2ae322e8d399c8,1,0,1436,93450,2025-11-19 20:09:19,bae6683aceab2f3babf4bc535c016b51cc2c931a6de87b6af3ab803f26002cca,0x79c931a7Acdb4b87AA27FCf42B20e069Ef01351F,0xA4091cA9FC5214F6dCcF3d31E087a4805b908911,0.0,500000,0
136,0x0000000000000000000000000000000000000000,741a8008ad519f5d278bc68dfe61507fa5866e8f6a073f1518ad279318f718be,1,0,1436,93450,2025-11-19 20:10:19,e4117b8eefe7c20375b4affde69b2d18ec71ee71c4fcf990aff676183161d8b3,0x6E7d6C4C0B5FCa6e4e721738328Ff5C79933007C,0xA4091cA9FC5214F6dCcF3d31E087a4805b908911,0.0,500000,0
137,0x0000000000000000000000000000000000000000,1d35332456ad2640e93d11e743043f624e4f52fb53b3e956e5c2b5a138907251,1,0,1436,93450,2025-11-19 20:11:19,17e88ba55986fd08f4d0cefc584ffa67725cd603f0b49b0c4a9d30d8e883f7a5,0x6D1Af3f61D50eeEb44afcA0bC14cF7dd13e214d0,0xA4091cA9FC5214F6dCcF3d31E087a4805b908911,0.0,500000,0
138,0x0000000000000000000000000000000000000000,5b45d05e28c2b0ea4998d23c9f6278a7db2c16f58c63a6dd35c45b30a660b736,1,0,1404,69194,2025-11-19 20:12:19,c0941a29d5201aa6335d8f5b57d548cc91a7a8763aed48790eadead6118ceef3,0x6D1Af3f61D50eeEb44afcA0bC14cF7dd13e214d0,0xA4091cA9FC5214F6dCcF3d31E087a4805b908911,0.0,500000,0
139,0x0000000000000000000000000000000000000000,a7efd13683ddf342e2f46d870dc7c53e226c345518aa5482d8ff500587d987db,1,0,1403,32260,2025-11-19 20:13:19,293ab150c57ebd95a98e72a348093e8380162912511a7a8a16a7a78937247e47,0x5f15CC2c24a97ffBD42E5C79452Da95D3424Fbe9,0xA4091cA9FC5214F6dCcF3d31E087a4805b908911,0.0,500000,0
140,0x0000000000000000000000000000000000000000,4a129e755831e9f7bef1f5387ec8207d22da8580d5e94eb02fca1c126d9f3ce6,1,0,1404,144376,2025-11-19 20:14:19,c10d291edb045408c3df583df798d1d0d7bc16cdeed6bcf1805765b62e6df7ba,0x5f15CC2c24a97ffBD42E5C79452Da95D3424Fbe9,0xA4091cA9FC5214F6dCcF3d31E087a4805b908911,0.0,500000,0
141,0x0000000000000000000000000000000000000000,379ecdfeab55073a412bb7e34b856b439cd876e414dc33fc0cb34089aef80926,0,0,1298,0,2025-11-19 20:15:19,,,,,,
142,0x0000000000000000000000000000000000000000,a9267ff4fe8595b09eb600700ab23ce76a8370511be765aff91a055e4fedfaec,0,0,1298,0,2025-11-19 20:16:19,,,,,,
143,0x0000000000000000000000000000000000000000,ecc3bd86ed7ec8f0b07da3d10aaf5074170733beefe1c64043271226414b4dbd,0,0,1298,0,2025-11-19 20:17:19,,,,,,
144,0x0000000000000000000000000000000000000000,022e66923de773188410ed9cbdf43675ef71c4fcc0590972087f82eb61d21a30,0,0,1298,0,2025-11-19 20:18:19,,,,,,
145,0x0000000000000000000000000000000000000000,23abcab7ca81f702c5c1763a2c0c75649c13947c6134e201c4e8dbc85537d48a,0,0,1298,0,2025-11-19 20:19:19,,,,,,
146,0x0000000000000000000000000000000000000000,f42a27608f7c6e413066018649c884ff11f1ecbbb53fe3a776ea41c8277e50db,0,0,1298,0,2025-11-19 20:20:19,,,,,,
147,0x0000000000000000000000000000000000000000,71775f65f1342f59cf0a24a51605f5ad05ce216253cf2c48b90bb7d4968d7c7f,1,0,1501,76755,2025-11-19 20:21:19,ca7559a87bc808025fda1eae699f7dc1a1ad450e349a2bb730a8d465e5a47403,0x22c2BF5887F4C8A79418630018531Cf2b361f541,0xA4091cA9FC5214F6dCcF3d31E087a4805b908911,0.0,500000,0
148,0x0000000000000000000000000000000000000000,0c09a6003950920f907533a27f99e56bd485e1a42f431ee03be763bc6531af7f,1,0,1501,76755,2025-11-19 20:22:19,5078f6ce358da4d1196bb37d9ec2733c4bfffcda2d4ab1b3b2c3415c24fc1e08,0x79c931a7Acdb4b87AA27FCf42B20e069Ef01351F,0xA4091cA9FC5214F6dCcF3d31E087a4805b908911,0.0,500000,0
149,0x0000000000000000000000000000000000000000,0e78a6d71e110027fb65ba7e1fd780a557913e068954eb2cf6e5ccf4b0fdc39f,1,0,1501,76755,2025-11-19 20:23:19,edf051ea904e21ba21d4ae4a06834d7077e4210c32f0da44d09e7420f6f7f99c,0x6E7d6C4C0B5FCa6e4e721738328Ff5C79933007C,0xA4091cA9FC5214F6dCcF3d31E087a4805b908911,0.0,500000,0
150,0x0000000000000000000000000000000000000000,7d7cd5a803730473330e48f8712ad6d33362c0630402d6d2ef51c504aa7419c0,1,0,1501,76755,2025-11-19 20:24:19,a201f691dfd295aad4639ad2d3a7e1eccd34753d1a2d8c5328ba863718ad18cc,0x5c7A88d5002c590621c42Defa2F8b3b9fdDA5480,0xA4091cA9FC5214F6dCcF3d31E087a4805b908911,0.0,500000,0
151,0x0000000000000000000000000000000000000000,c1efe6574a25d91513babbba0c224b8864f98a487f9d4a0a2b7d55519cfd663c,1,0,1501,76755,2025-11-19 20:25:19,475b374365d5ad1f05cb1c23231e83c1b19d1612367e4fbdc6c87d10769dac1c,0x6D1Af3f61D50eeEb44afcA0bC14cF7dd13e214d0,0xA4091cA9FC5214F6dCcF3d31E087a4805b908911,0.0,500000,0
152,0x0000000000000000000000000000000000000000,7bc9d42b6712101bb88b5224ed3c44992d2a5c2118e29b1165e3fdb4093c3b11,1,0,1501,76755,2025-11-19 20:26:19,7180b245b6d3dc0c54ab21f7601cb673baf72d545d75e0e5934de1730015f6ff,0xDD64f6B9AE3d7879FBCA52ae1deC358ba846c8C4,0xA4091cA9FC5214F6dCcF3d31E087a4805b908911,0.0,500000,0
153,0x0000000000000000000000000000000000000000,e1a72fcc93f52c88a6bcef8716b9b0bd396ba019355c2f12aa9c4a136d8a8ccc,1,0,1501,76755,2025-11-19 20:27:19,a5a8d34c97bcb1bec24f907a1a1ade44686b96a0177ede32d90fef5a664ddafc,0x36D9D66537d0940EBcb18E6a613B3D0FE3E97893,0xA4091cA9FC5214F6dCcF3d31E087a4805b908911,0.0,500000,0
154,0x0000000000000000000000000000000000000000,aaa3ad64ce5e66fc0a963468bf09ab9b36e35ba75cf1ea2c6c4069a02bbff503,1,0,1501,76755,2025-11-19 20:28:19,a19a4b06e32d18a870c63203713b8b6bb1636ccea75dd146e4b4d1fc7dacc7b7,0xb374ACdE1C9956e3Dbff58A6998877e362187263,0xA4091cA9FC5214F6dCcF3d31E087a4805b908911,0.0,500000,0
155,0x0000000000000000000000000000000000000000,9553cc4eabb097e95fe900a21a75f83dadd15c835e1af6ca05f2b6a252318bc9,1,0,1501,76755,2025-11-19 20:29:19,6ea1171af6b33976ebf7a30023b8dfe244a988731ad891e1712250c0f6b93fd0,0xE1775d13ae8D710B3AD1a58c6974aDF2521d2714,0xA4091cA9FC5214F6dCcF3d31E087a4805b908911,0.0,500000,0
156,0x0000000000000000000000000000000000000000,3a740f856541ac9a5a6798e6c271f16efe12b1224fc3ddc766bdcdf9c05456a3,1,0,1501,76755,2025-11-19 20:30:19,afd48748c165c20b59593bad40c3a81e64a2979b73cc697942702b626747320d,0x5f15CC2c24a97ffBD42E5C79452Da95D3424Fbe9,0xA4091cA9FC5214F6dCcF3d31E087a4805b908911,0.0,500000,0
157,0x0000000000000000000000000000000000000000,64c32d5914a375d60b66cfd83e5d93c3766108c2b6e1df044adad2811e8b6c55,1,0,1404,112538,2025-11-19 20:31:19,9fae7c294dee374ef049b093968990a24d6b4173cf313c2a2298c2163ebaeddc,0x5f15CC2c24a97ffBD42E5C79452Da95D3424Fbe9,0xA4091cA9FC5214F6dCcF3d31E087a4805b908911,0.0,500000,0
158,0x0000000000000000000000000000000000000000,35ea1c14b3df90f5373c7196b93d7d33e69b0d644f277413fe96f97743f7f760,1,0,1403,46345,2025-11-19 20:32:19,538c477465b420dc39fb04ddfc9c24737448fd0e3ebaaca9302d1143a4f122af,0x5f15CC2c24a97ffBD42E5C79452Da95D3424Fbe9,0xA4091cA9FC5214F6dCcF3d31E087a4805b908911,0.0,500000,0
159,0x0000000000000000000000000000000000000000,0570e4b0123172b0f00acbea93a2d8d7114a7d60491596bf74ce2c676aaf725b,1,0,1436,108462,2025-11-19 20:33:19,192eb0077ca0882c664217c21487cd1495968618a02c999bfe7b6a02d8ab5adc,0x6D1Af3f61D50eeEb44afcA0bC14cF7dd13e214d0,0xA4091cA9FC5214F6dCcF3d31E087a4805b908911,0.0,500000,0
160,0x0000000000000000000000000000000000000000,4eed6b9ebc5caa979e7693dc2967282a6c44c2a056c44e8c0c836a55b0a54e38,1,0,1436,93462,2025-11-19 20:34:19,a13506ff1402d62b73da50a4b2936496f641dddb9c8455bf2c0c75264c992b20,0x5c7A88d5002c590621c42Defa2F8b3b9fdDA5480,0xA4091cA9FC5214F6dCcF3d31E087a4805b908911,0.0,500000,0
161,0x0000000000000000000000000000000000000000,e9d447164b7659158bf7389d4b19c312902b42fe9cae4b4ad5f042055b3fb201,1,0,1436,93462,2025-11-19 20:35:19,e150d2efee099f24dabb48ec837046759e0fee9f6f8177618ab85d4649653817,0x6E7d6C4C0B5FCa6e4e721738328Ff5C79933007C,0xA4091cA9FC5214F6dCcF3d31E087a4805b908911,0.0,500000,0
162,0x0000000000000000000000000000000000000000,8c9782d8ae7a003a7ddcf28afaf6153e3ef0dbd337320456e8588f75d7cf3aa1,1,0,1436,93462,2025-11-19 20:36:19,7fc4d8a17bffb6d5bd7a0c04974c3d726dcdd13a7cce1ae898202a6d4a057823,0x79c931a7Acdb4b87AA27FCf42B20e069Ef01351F,0xA4091cA9FC5214F6dCcF3d31E087a4805b908911,0.0,500000,0
163,0x0000000000000000000000000000000000000000,8538f6fcd33b6d8487c93f18026cdf536b5306a1caeb3249ae79baf39aa7b780,1,0,1436,93462,2025-11-19 20:37:19,cf2d77fba966cf2b9b74837e3e18ac4260544243a63694248d4668ac7ac7da39,0x22c2BF5887F4C8A79418630018531Cf2b361f541,0xA4091cA9FC5214F6dCcF3d31E087a4805b908911,0.0,500000,0
164,0x0000000000000000000000000000000000000000,a9422e47e8478821576856dacd0a7c0b9a597a10fa7d84bb4bf7f1ed1f98d8b7,1,0,1404,71174,2025-11-19 20:38:19,92563059b497b08e8254e02dac211ad6fb5898fe1f3a12b96b4a73736156da4c,0x6D1Af3f61D50eeEb44afcA0bC14cF7dd13e214d0,0xA4091cA9FC5214F6dCcF3d31E087a4805b908911,0.0,500000,0
165,0x0000000000000000000000000000000000000000,f5585391f3bd21089060fc9a34c982fb0a7f49e5281c2ca3b24dc9cef4d269d8,1,0,1403,32260,2025-11-19 20:39:19,7e9ab0bec1e7cf8280c2b4f060bafb293981ce5bc92c7d714a0814dc15221fda,0x5f15CC2c24a97ffBD42E5C79452Da95D3424Fbe9,0xA4091cA9FC5214F6dCcF3d31E087a4805b908911,0.0,500000,0
166,0x0000000000000000000000000000000000000000,dd85971ee540f6a1c713dcac35b0e32a261070981a922b3e1052041985928a61,1,0,1404,153770,2025-11-19 20:40:19,87eace9e94f9f8877b3b10d2046693814db2b2902f04ca3b273b18300cd38abb,0x5f15CC2c24a97ffBD42E5C79452Da95D3424Fbe9,0xA4091cA9FC5214F6dCcF3d31E087a4805b908911,0.0,500000,0
167,0x0000000000000000000000000000000000000000,202ca30a3a458403a8fe24065d6a5812ec894b4646ae539d055e14c19191471e,1,0,1501,76767,2025-11-19 20:41:19,ea51f02c762052134d7a44bd141f758b647a2323c703c42154c51af82b9b7370,0x5f15CC2c24a97ffBD42E5C79452Da95D3424Fbe9,0xA4091cA9FC5214F6dCcF3d31E087a4805b908911,0.0,500000,0
168,0x0000000000000000000000000000000000000000,bcb31194d0de5a6446ae1158fa70a811995332a24b386118f35729af0e77a1b1,0,0,1298,0,2025-11-19 20:42:19,,,,,,
169,0x0000000000000000000000000000000000000000,cc1cf7c4b16d1a2d4337d3ecfcfab098c4a23de05876563d9349335434dd2133,1,0,1501,76767,2025-11-19 20:43:19,cb30cfdc0cd23aaa31e59e1497dcf30025ec6205d469d3c27a721bffb1880f8d,0xE1775d13ae8D710B3AD1a58c6974aDF2521d2714,0xA4091cA9FC5214F6dCcF3d31E087a4805b908911,0.0,500000,0
170,0x0000000000000000000000000000000000000000,b5e011faae5c6de020911fecea28c6d6c0c769a7ea1a6d765cdeada9bcaad663,1,0,1501,76767,2025-11-19 20:44:19,cd46da112fd139fddd5a604ed1875cbb85357b4f5b812fe400ea4e12b9ee0bfc,0xb374ACdE1C9956e3Dbff58A6998877e362187263,0xA4091cA9FC5214F6dCcF3d31E087a4805b908911,0.0,500000,0
171,0x0000000000000000000000000000000000000000,b12371837456048a403662e01fd394aa67fc23d73405464ffd90435678463b6a,1,0,1501,76767,2025-11-19 20:45:19,cf5631f8b9ad484a24095d16b8799a08450a76645184acc8a44178a5a6f2550b,0x36D9D66537d0940EBcb18E6a613B3D0FE3E97893,0xA4091cA9FC5214F6dCcF3d31E087a4805b908911,0.0,500000,0
172,0x0000000000000000000000000000000000000000,9822dcc1dd82b718b6f3546371d614f0c2c8e21505b98b4bb540ac98674535bd,1,0,1501,76767,2025-11-19 20:46:19,eb885b4f186d6bec288ca57e2f8a3e232af022dcce1494abbdecf2656c816bc4,0xDD64f6B9AE3d7879FBCA52ae1deC358ba846c8C4,0xA4091cA9FC5214F6dCcF3d31E087a4805b908911,0.0,500000,0
173,0x0000000000000000000000000000000000000000,c6828213dc7f6460fe9c951042858ce01588172b2625b7a607564ebacd279d67,1,0,1501,76767,2025-11-19 20:47:19,4ca278864044bd5343ffa49b7183bf0fc1e933fef927865045cdcf9adffe9398,0x6D1Af3f61D50eeEb44afcA0bC14cF7dd13e214d0,0xA4091cA9FC5214F6dCcF3d31E087a4805b908911,0.0,500000,0
174,0x0000000000000000000000000000000000000000,717cb2de5b8a4b9901d4b37f5bcc3dbacc2e37c92651ec9c01af686bda09044c,1,0,1501,76767,2025-11-19 20:48:19,190bc1b106777f254e541794cdac66f6d539464e1cbbbb6800ab117c93aebbeb,0x5c7A88d5002c590621c42Defa2F8b3b9fdDA5480,0xA4091cA9FC5214F6dCcF3d31E087a4805b908911,0.0,500000,0
175,0x0000000000000000000000000000000000000000,704d25a8ae8619ede1eac4ec6c5a37758a9122f1adacf1ecdc494a35b1c9a47f,1,0,1501,76767,2025-11-19 20:49:19,8b6dce27caa22d8e0dd6b3c1c59b3f90959a8e90407dc4ea108a1746cff1e53f,0x6E7d6C4C0B5FCa6e4e721738328Ff5C79933007C,0xA4091cA9FC5214F6dCcF3d31E087a4805b908911,0.0,500000,0
176,0x0000000000000000000000000000000000000000,905535d2722d484eb89c842d94828e97c6a60b4203b9737fcaf92a35f30170e9,1,0,1501,76779,2025-11-19 20:50:19,eb399b17dcd7616281077b1fb63536f829e97f3fbd1ba1033a05b8a6c7db6556,0x79c931a7Acdb4b87AA27FCf42B20e069Ef01351F,0xA4091cA9FC5214F6dCcF3d31E087a4805b908911,0.0,500000,0
177,0x0000000000000000000000000000000000000000,815e459fb04ed9957a569941847affc712d03e241a49dd6df12993157d8dbbce,1,0,1501,76779,2025-11-19 20:51:19,858b8f1e14c156ab1b00c89d93a2e45b9a846cab938c33bb036e7f8be8dd7919,0x22c2BF5887F4C8A79418630018531Cf2b361f541,0xA4091cA9FC5214F6dCcF3d31E087a4805b908911,0.0,500000,0
178,0x0000000000000000000000000000000000000000,bba8ee9c48754d0eeb2ecd43a8e85a9b453fbab0bee49347e9876a57ec1fccd2,1,0,1404,112538,2025-11-19 20:52:19,b9974a6b4a882c2f4f4d41a734d1ef2c8693471091e3185f2fa433b2f2a46cd3,0x5f15CC2c24a97ffBD42E5C79452Da95D3424Fbe9,0xA4091cA9FC5214F6dCcF3d31E087a4805b908911,0.0,500000,0
179,0x0000000000000000000000000000000000000000,ea4384a9e86dd3cd9be6656752b95907420c16daddd42dca1a3dc10963724800,0,0,1298,0,2025-11-19 20:53:19,,,,,,
180,0x0000000000000000000000000000000000000000,2f2f6db081bd3e50fdd7f13e115030b58b8b7be2103360619b874f64e863d2b3,1,0,1403,46345,2025-11-19 20:54:19,a6bf48d2ab603744967b9d1a35c46346dcd239a6ca125d55bbe3f4882568f763,0x5f15CC2c24a97ffBD42E5C79452Da95D3424Fbe9,0xA4091cA9FC5214F6dCcF3d31E087a4805b908911,0.0,500000,0
181,0x0000000000000000000000000000000000000000,6d4cafc7ed81d9acdd08a4440a9f3d452b20cca7b36af07bed5ffe7523e668ca,1,0,1436,108450,2025-11-19 20:55:19,cfc181dc95707f84546677c8186e78028e1e7725fae169666a83091a6091e46d,0x22c2BF5887F4C8A79418630018531Cf2b361f541,0xA4091cA9FC5214F6dCcF3d31E087a4805b908911,0.0,500000,0
182,0x0000000000000000000000000000000000000000,1a634f69b5a0c216ab52d28fef9f85970ddc668025e6f65a099437c27369c0e6,1,0,1436,93450,2025-11-19 20:56:19,e9a6ee9ca55de65959f7f7065c32a9f9209cabdcbb0628043ad86f00127950c9,0x79c931a7Acdb4b87AA27FCf42B20e069Ef01351F,0xA4091cA9FC5214F6dCcF3d31E087a4805b908911,0.0,500000,0
183,0x0000000000000000000000000000000000000000,bf6fe418693fc11358e3b80f3514b61ec8fb580b7512a28591b6399f8745ca1f,1,0,1436,93450,2025-11-19 20:57:19,deca65906e5eee4927a8f07e3990780c24cb26ae50ba29afc9b40f9a2360b267,0x6E7d6C4C0B5FCa6e4e721738328Ff5C79933007C,0xA4091cA9FC5214F6dCcF3d31E087a4805b908911,0.0,500000,0
184,0x0000000000000000000000000000000000000000,cf425e95e7cd714a36add5d77a2959068f53d8b9229001630e57fc3bdb29241e,1,0,1436,93450,2025-11-19 20:58:19,4963042462dd5c48418078843a88c01f9fde314ac93917a6003af959d0a7a2e4,0x5c7A88d5002c590621c42Defa2F8b3b9fdDA5480,0xA4091cA9FC5214F6dCcF3d31E087a4805b908911,0.0,500000,0
185,0x0000000000000000000000000000000000000000,ab0538b869e745c770c2ce99a70a2d3d9a04fcdd374b5f18a3e2464e10c1de4a,1,0,1436,93450,2025-11-19 20:59:19,ac479c3dae6494caedb93a206e7cc27fc24a7153a7f9cee605897bc49cf8a665,0x6D1Af3f61D50eeEb44afcA0bC14cF7dd13e214d0,0xA4091cA9FC5214F6dCcF3d31E087a4805b908911,0.0,500000,0
186,0x0000000000000000000000000000000000000000,8c30856a945918d4fb705f099b7e693ec29f27ccc1d42752d86cb2182ea4dcf1,1,0,1404,71174,2025-11-19 21:00:19,dddb4d238f008a993e54e4fe92d203ae54f0634f80b4f8a889395ba58df25340,0x6D1Af3f61D50eeEb44afcA0bC14cF7dd13e214d0,0xA4091cA9FC5214F6dCcF3d31E087a4805b908911,0.0,500000,0
187,0x0000000000000000000000000000000000000000,f70054d47ac740db6c2e7620e372ee06afd40b0393e04ad3abea1dea0d0dc8ec,1,0,1403,32260,2025-11-19 21:01:19,9b17700477804673603f4398217f53bf954096e848d3bc1812d04100d18b1b04,0x5f15CC2c24a97ffBD42E5C79452Da95D3424Fbe9,0xA4091cA9FC5214F6dCcF3d31E087a4805b908911,0.0,500000,0
188,0x0000000000000000000000000000000000000000,4313a1c08900983215acd423e723caf9fc67d93ea516f90983939faab02645e5,1,0,1404,153770,2025-11-19 21:02:19,bab65ed3024b59978e67215aada59b9b0e82729a09593c0ee9aa1374fa0ee550,0x5f15CC2c24a97ffBD42E5C79452Da95D3424Fbe9,0xA4091cA9FC5214F6dCcF3d31E087a4805b908911,0.0,500000,0
189,0x0000000000000000000000000000000000000000,38bd2f5e1d95a98a6029387a933eb3c99bb4be94698c925b03f2a6622af5801b,0,0,1298,0,2025-11-19 21:03:19,,,,,,
190,0x0000000000000000000000000000000000000000,179c88d136886aad06eb0edd4ddabb68b20a79f63e29fb46b697603be3554cb1,1,0,1501,76779,2025-11-19 21:04:19,6d4d5e3166bf86f3ac466fbbaf1b593011b4255465a52513609dc09526a30579,0x22c2BF5887F4C8A79418630018531Cf2b361f541,0xA4091cA9FC5214F6dCcF3d31E087a4805b908911,0.0,500000,0
191,0x0000000000000000000000000000000000000000,d6e889d672bdefb2409402178f45b195473644360bb62431b47ef13314a87a3c,1,0,1501,76779,2025-11-19 21:05:19,cd7f8358beb5ee9409389569f79633d66f9a2774e145607e7c66356ece9cf318,0x79c931a7Acdb4b87AA27FCf42B20e069Ef01351F,0xA4091cA9FC5214F6dCcF3d31E087a4805b908911,0.0,500000,0
192,0x0000000000000000000000000000000000000000,9e9cd875168dbc64aa18fe90cf8f1e6999700546b17060470d516ce6f942f89a,1,0,1501,76779,2025-11-19 21:06:19,257f17dce11a04e7a6edc7da6903d21ddfb01488e8a6394b0e52180434bdcd66,0x6E7d6C4C0B5FCa6e4e721738328Ff5C79933007C,0xA4091cA9FC5214F6dCcF3d31E087a4805b908911,0.0,500000,0
193,0x0000000000000000000000000000000000000000,e04c5f6618eeaf4044b832a700d85bd8f9022ea577d1da314a7c1cd934835b5f,1,0,1501,76779,2025-11-19 21:07:19,ce9a35aa9bfb416773c03af1bd80a72fc229caa292f1af26726cb2d027138faa,0x5c7A88d5002c590621c42Defa2F8b3b9fdDA5480,0xA4091cA9FC5214F6dCcF3d31E087a4805b908911,0.0,500000,0
194,0x0000000000000000000000000000000000000000,97fa0b482b355b73223c7ba54a5161024e83b987c83a54b841c1001037b6aaac,1,0,1501,76779,2025-11-19 21:08:19,c45f7cb55688e7397d9ec858af7a3712c12466c5c2da26265e36ae7daa57567d,0x6D1Af3f61D50eeEb44afcA0bC14cF7dd13e214d0,0xA4091cA9FC5214F6dCcF3d31E087a4805b908911,0.0,500000,0
195,0x0000000000000000000000000000000000000000,68a2280125777bd7f8ee0de377acffb00546d975ce0e4ff062e86ee5a3ca0d5c,1,0,1501,76779,2025-11-19 21:09:19,b8d9bc606600bdded71fe958f7cc20c4a632427d4b86910898a330c2b28a7b19,0xDD64f6B9AE3d7879FBCA52ae1deC358ba846c8C4,0xA4091cA9FC5214F6dCcF3d31E087a4805b908911,0.0,500000,0
196,0x0000000000000000000000000000000000000000,1d478ba24c99160303245c6a9f7c414c47828b9277d0db3436994a194e783860,1,0,1501,76779,2025-11-19 21:10:19,97fb6cb5a6b819cd2506623a02b1cfb431069ca1106370e37616f224ee5a5441,0x36D9D66537d0940EBcb18E6a613B3D0FE3E97893,0xA4091cA9FC5214F6dCcF3d31E087a4805b908911,0.0,500000,0
197,0x0000000000000000000000000000000000000000,aacc0f9c58a53db8628a28de5bf1969c19a1e8249e5dfb4e4f8c0ce38274f9b8,1,0,1501,76779,2025-11-19 21:11:19,cc697e62fd696ed39bd0c258d0c7611e40adda37a84b1da53665cbee73f0734e,0xE1775d13ae8D710B3AD1a58c6974aDF2521d2714,0xA4091cA9FC5214F6dCcF3d31E087a4805b908911,0.0,500000,0
198,0x0000000000000000000000000000000000000000,feb5561a5a30f7162b63e6dd71f137beb7ba1548b5b5638504d866750351f7b3,1,0,1501,76779,2025-11-19 21:12:19,6e224f9867458d69674ec3362c1b517ba5c8ebe447545a320fc9b64d480366cd,0x5f15CC2c24a97ffBD42E5C79452Da95D3424Fbe9,0xA4091cA9FC5214F6dCcF3d31E087a4805b908911,0.0,500000,0
199,0x0000000000000000000000000000000000000000,891e3e67fd82983fd3ec8280457dcf2e384c9606447821ec4974d151c8d5628b,1,0,1404,112538,2025-11-19 21:13:19,40691fe0a63444305b8aada39ecd72440c829df87c2831ef68fc9c41c8bce5f8,0x5f15CC2c24a97ffBD42E5C79452Da95D3424Fbe9,0xA4091cA9FC5214F6dCcF3d31E087a4805b908911,0.0,500000,0
200,0x0000000000000000000000000000000000000000,04371f80b513e68fba51b9e56eb809b024cc26c9811c664fb9a44ece39b73d2c,1,0,1403,46345,2025-11-19 21:14:19,8627d83dc69aa3edd57bac788a083273258eaa8231c679b889fbb84812b14ee2,0x5f15CC2c24a97ffBD42E5C79452Da95D3424Fbe9,0xA4091cA9FC5214F6dCcF3d31E087a4805b908911,0.0,500000,0
201,0x0000000000000000000000000000000000000000,35aca03498e7fb6beb340c7afb34b10b10fed25a2dd98070a5658b50c173f007,1,0,1436,108462,2025-11-19 21:15:19,7c52d9c86c0a3619e50638e4c745f7fcd13e938740be47c8db3d6b2a7099784c,0x6D1Af3f61D50eeEb44afcA0bC14cF7dd13e214d0,0xA4091cA9FC5214F6dCcF3d31E087a4805b908911,0.0,500000,0
202,0x0000000000000000000000000000000000000000,c20086abb9a637fb08ca349b9afe38b749db1fc8b516e1279cc9318de4e5c81e,0,0,1298,0,2025-11-19 21:16:19,,,,,,
203,0x0000000000000000000000000000000000000000,bb69f2d48633bab1b6c69571ad38f6cdd9cb4831deed78e2a20e57d779491744,1,0,1436,93462,2025-11-19 21:17:19,e8b165ca2cea693230320694161afb4484192152d34d1f16f7e54bc8e7676d5d,0x5f15CC2c24a97ffBD42E5C79452Da95D3424Fbe9,0xA4091cA9FC5214F6dCcF3d31E087a4805b908911,0.0,500000,0
204,0x0000000000000000000000000000000000000000,446549e0d5b3307215f372e83d087e18559cc6ed0a16858b4085657cb91c0496,0,0,1298,0,2025-11-19 21:18:19,,,,,,
205,0x0000000000000000000000000000000000000000,eafc147aa8b7874639f25d859248b530640a2945f8beb56428d166810c2800c2,1,0,1436,93462,2025-11-19 21:19:19,661d87cc7b49b190af33918481db2131579716e6e44a2f2a3c7f2007f75e41ce,0xE1775d13ae8D710B3AD1a58c6974aDF2521d2714,0xA4091cA9FC5214F6dCcF3d31E087a4805b908911,0.0,500000,0
206,0x0000000000000000000000000000000000000000,7b4f669ce726aa2f72ae6bee435a7b3d6e71372c0af3950e2db24f357853ba96,1,0,1436,93462,2025-11-19 21:20:19,9a34ad8605d6ace03027a9d9d521b300c5ddb2188ad07b0d4347b15a05fb15d7,0xb374ACdE1C9956e3Dbff58A6998877e362187263,0xA4091cA9FC5214F6dCcF3d31E087a4805b908911,0.0,500000,0
207,0x0000000000000000000000000000000000000000,44c71832b212d8f76f1f4637f7d578152c85803083a59ba89e12835245b33c94,1,0,1436,93462,2025-11-19 21:21:19,2f0925b1eceee5ce981240a2e8ee681a9e5f98793bc6156023c423fbe2f3eca6,0x36D9D66537d0940EBcb18E6a613B3D0FE3E97893,0xA4091cA9FC5214F6dCcF3d31E087a4805b908911,0.0,500000,0
208,0x0000000000000000000000000000000000000000,f26dcf400fcd292e974df3b0fcf4db74978720925a4bacffe382a67da4a7a90b,1,0,1404,71174,2025-11-19 21:22:19,896ada5031efb1136d77aef08bdeafa9b4df8f4c7ca84f72983fa5a1cc83f97d,0x22c2BF5887F4C8A79418630018531Cf2b361f541,0xA4091cA9FC5214F6dCcF3d31E087a4805b908911,0.0,500000,0
209,0x0000000000000000000000000000000000000000,282133462b8ffc7416d999f55afb50a417bd439687f76260ebcbe2cb54f511f8,0,0,1298,0,2025-11-19 21:23:19,,,,,,
210,0x0000000000000000000000000000000000000000,8a67ba87ad7db12053b7b337a48e2d3841e526ba54b046d0014bd828d1310466,1,0,1403,51974,2025-11-19 21:24:19,d30d1d2e38ddf15d574edf21efa9ea244ba18fbaa30b5ab869ca4291276dd292,0x6D1Af3f61D50eeEb44afcA0bC14cF7dd13e214d0,0xA4091cA9FC5214F6dCcF3d31E087a4805b908911,0.0,500000,0
211,0x0000000000000000000000000000000000000000,36d9d4cff059d69f6b935faad33534506b3701598f119b6c51f6ddcc6994cd1c,1,0,1403,32260,2025-11-19 21:25:19,42dc37c49c4d244c3f34b2b4b15dad7353b20b9308b126d2aa98b792b17d3f41,0x5f15CC2c24a97ffBD42E5C79452Da95D3424Fbe9,0xA4091cA9FC5214F6dCcF3d31E087a4805b908911,0.0,500000,0
212,0x0000000000000000000000000000000000000000,7725ed134a6771c73ba13872168434b6409f2d10cc666ad92c1998854ec01105,1,0,1404,147470,2025-11-19 21:26:19,361c6bf64fc8df1848a3fcb59e0c36d1f594d6d392453f12b9d76b223bcd0ef8,0x5f15CC2c24a97ffBD42E5C79452Da95D3424Fbe9,0xA4091cA9FC5214F6dCcF3d31E087a4805b908911,0.0,500000,0
213,0x0000000000000000000000000000000000000000,c349b50823e8dd4dc868aa0e138354436fad532c55f9de8a9b0e909e4a23ea21,1,0,1501,76779,2025-11-19 21:27:19,de5a708bcf0a437ba334e1fec69f00847b528c2c2241002389dca6114173f4cd,0x5f15CC2c24a97ffBD42E5C79452Da95D3424Fbe9,0xA4091cA9FC5214F6dCcF3d31E087a4805b908911,0.0,500000,0
214,0x0000000000000000000000000000000000000000,012327b1019d2aa3e58e1c01172404ae74ea63d3820931a6f30e0b9ddc899536,1,0,1501,76779,2025-11-19 21:28:19,c86745f326bd87338d79267ee0ad4b176bf80188deb70c648f333e7356702f37,0xE1775d13ae8D710B3AD1a58c6974aDF2521d2714,0xA4091cA9FC5214F6dCcF3d31E087a4805b908911,0.0,500000,0
215,0x0000000000000000000000000000000000000000,a13a615333390d2498469097704ddbb38d36c4c4fce2ef4722afcf12bfc979c2,1,0,1501,76779,2025-11-19 21:29:19,b9b270b06a434e0bc3ad13136b1fdd0b85269f08085f3599c652372a879e37bc,0xb374ACdE1C9956e3Dbff58A6998877e362187263,0xA4091cA9FC5214F6dCcF3d31E087a4805b908911,0.0,500000,0
216,0x0000000000000000000000000000000000000000,d6c53e7371ae3088e52d030ef7c431c98cb4b54c046673ae1fb25cc8ed086613,1,0,1501,76779,2025-11-19 21:30:19,4ea24f1cad254911ab03474d94fa912b86059aba7e675e165f22f28e5ec87bba,0x36D9D66537d0940EBcb18E6a613B3D0FE3E97893,0xA4091cA9FC5214F6dCcF3d31E087a4805b908911,0.0,500000,0
217,0x0000000000000000000000000000000000000000,57b892b39ce0c608a63d333c18005fbb183793755735c0d4d44973b730327969,1,0,1501,76779,2025-11-19 21:31:19,048f0ebee771b19dca291e66995b9d89bf5c97a707e304801434ebfbf72a8b64,0xDD64f6B9AE3d7879FBCA52ae1deC358ba846c8C4,0xA4091cA9FC5214F6dCcF3d31E087a4805b908911,0.0,500000,0
218,0x0000000000000000000000000000000000000000,05d084c71760048d39a75cb9f85df83cc3c297170f33d6ecaa987c7ddd9b800e,1,0,1501,76779,2025-11-19 21:32:19,b5e0c563f3d57bfd787be82d301b3850c6a31e4444b4ba357839f0afab957410,0x6D1Af3f61D50eeEb44afcA0bC14cF7dd13e214d0,0xA4091cA9FC5214F6dCcF3d31E087a4805b908911,0.0,500000,0
219,0x0000000000000000000000000000000000000000,dda6835d0503f8e7fc615e342b71a0565f165223af4346736c493df9d4f1f1bb,1,0,1501,76779,2025-11-19 21:33:19,53256102aeaa5c61733c5fc1bfc7a759576038d63b0e9bc6c493114565e82eff,0x5c7A88d5002c590621c42Defa2F8b3b9fdDA5480,0xA4091cA9FC5214F6dCcF3d31E087a4805b908911,0.0,500000,0
220,0x0000000000000000000000000000000000000000,b133d4624558357bb960b192285471e1988d07872112eded79811f745194b9f6,1,0,1501,76779,2025-11-19 21:34:19,c3fcf4ee1448cc5c505be0c186b45c598234c292b3893025186009ccabdc99b4,0x6E7d6C4C0B5FCa6e4e721738328Ff5C79933007C,0xA4091cA9FC5214F6dCcF3d31E087a4805b908911,0.0,500000,0
221,0x0000000000000000000000000000000000000000,ad5e9fcc2ca2aad740a0560aa2a633677c45dbe84af7464bfc981b6234a36228,1,0,1501,76779,2025-11-19 21:35:19,0496464b6fb6b97667fb015fdccdd9c539d9fcc0f7c94f93a81c404bd5d2b56e,0x79c931a7Acdb4b87AA27FCf42B20e069Ef01351F,0xA4091cA9FC5214F6dCcF3d31E087a4805b908911,0.0,500000,0
222,0x0000000000000000000000000000000000000000,3e9dd4dd65bcb33154cc3b9e9bd75d6e5ae2b8b41a33c9938ce5799b06029175,1,0,1501,76779,2025-11-19 21:36:19,6b717788006f43e08b5d58e7fd84b663dfdbed628c4bb06861e505aa24f73820,0x22c2BF5887F4C8A79418630018531Cf2b361f541,0xA4091cA9FC5214F6dCcF3d31E087a4805b908911,0.0,500000,0
223,0x0000000000000000000000000000000000000000,bbce0daa584ed8de8e04e5e0b82ae8ddc1ee598a0e7196e5d922f1de473a4cf8,1,0,1404,112538,2025-11-19 21:37:19,5821b5eaed44bed9e6c513954e26e9b371f491defa603f4bcefe8e3a923c4f8a,0x5f15CC2c24a97ffBD42E5C79452Da95D3424Fbe9,0xA4091cA9FC5214F6dCcF3d31E087a4805b908911,0.0,500000,0
224,0x0000000000000000000000000000000000000000,3611103db1c40884270959bd2f666a555d713036375ba65f571c63d036c11605,1,0,1403,46345,2025-11-19 21:38:19,cce03922cb7b34277f28c211e1672fd819a9ca00983e45655799ccceb944ad47,0x5f15CC2c24a97ffBD42E5C79452Da95D3424Fbe9,0xA4091cA9FC5214F6dCcF3d31E087a4805b908911,0.0,500000,0
225,0x0000000000000000000000000000000000000000,5c21e354c8b13b8c33157448119ef036921325a9e5755283a0ff32d45759e14e,1,0,1435,108462,2025-11-19 21:39:19,9fee7a132d2bc053eac2b270c07aba97634e1a22e73850efa432c6e13f281c91,0x36D9D66537d0940EBcb18E6a613B3D0FE3E97893,0xA4091cA9FC5214F6dCcF3d31E087a4805b908911,0.0,500000,0
226,0x0000000000000000000000000000000000000000,e91ea7a1e24666c7a288e104508bcaac53f79a24abef814efffcb3f2addb62dc,1,0,1436,93462,2025-11-19 21:40:19,34004232ff1b4029436be5472d9d0b187ab6a3678f42b758a2f35b6e0385e2c3,0x22c2BF5887F4C8A79418630018531Cf2b361f541,0xA4091cA9FC5214F6dCcF3d31E087a4805b908911,0.0,500000,0
227,0x0000000000000000000000000000000000000000,387d1bf9a36e8547636457480aee8fff8506159ebeac581441590029bce2026e,1,0,1436,93462,2025-11-19 21:41:19,8438675f0ebbe2e629c7a64e747dfd61b8682c062f396c0ee1afdab5b5051c47,0x79c931a7Acdb4b87AA27FCf42B20e069Ef01351F,0xA4091cA9FC5214F6dCcF3d31E087a4805b908911,0.0,500000,0
228,0x0000000000000000000000000000000000000000,c196a662ee930c0c5b23e9cca6cfdc4f976ca23dcb3deea8cafadf22b30fdfe6,1,0,1436,93462,2025-11-19 21:42:19,c3212a4c05f92662933183bd9a9c860962cb79f3751b455379eafcf29c4954bf,0x6E7d6C4C0B5FCa6e4e721738328Ff5C79933007C,0xA4091cA9FC5214F6dCcF3d31E087a4805b908911,0.0,500000,0
229,0x0000000000000000000000000000000000000000,5757b0702d65488448c1e61a028818c388b017eda4196e66c08fa5c05841aacb,1,0,1436,93462,2025-11-19 21:43:19,7446cdc925555057e9bd485f4d2a3e5c4058a1f5736bb212b5331349c7ce00d9,0x5c7A88d5002c590621c42Defa2F8b3b9fdDA5480,0xA4091cA9FC5214F6dCcF3d31E087a4805b908911,0.0,500000,0
230,0x0000000000000000000000000000000000000000,63382c459ec7034b971939d7c702797f6402082be6feca7ca2904d11ebe75c37,1,0,1404,71174,2025-11-19 21:44:19,7d220c8f34c25d8e9b16af6d61ce2672176fd91598028c6bbc31b5147d805d4c,0x6D1Af3f61D50eeEb44afcA0bC14cF7dd13e214d0,0xA4091cA9FC5214F6dCcF3d31E087a4805b908911,0.0,500000,0
231,0x0000000000000000000000000000000000000000,5dfadf7c920a46122b0342ffbe7b2ad9cd391fd5d67fc113472a7bcef9870e9c,1,0,1403,32260,2025-11-19 21:45:19,45352dc9630f082d1f1f346c1441282388ed63a813fd00173e014ac570f3d49e,0x5f15CC2c24a97ffBD42E5C79452Da95D3424Fbe9,0xA4091cA9FC5214F6dCcF3d31E087a4805b908911,0.0,500000,0
232,0x0000000000000000000000000000000000000000,7358cb2018c6d1112923bd7f44c2c550bbf24c7155123f109b50fb9d2932742d,1,0,1404,153770,2025-11-19 21:46:19,49dc3fad993f2883c82914e8e8f28f63e72c2133f6769b8e110e3194646b3200,0x5f15CC2c24a97ffBD42E5C79452Da95D3424Fbe9,0xA4091cA9FC5214F6dCcF3d31E087a4805b908911,0.0,500000,0
233,0x0000000000000000000000000000000000000000,fe38fff6c851d7a9069ac694d48afcca7b6f22dd8acbe468a5242d8be796a5e0,0,0,1298,0,2025-11-19 21:47:19,,,,,,
234,0x0000000000000000000000000000000000000000,66f03372d7e967f681c9d82ea37e1e8e0b2544aacf755ec12ca0ee357bfd6010,0,0,1298,0,2025-11-19 21:48:19,,,,,,
235,0x0000000000000000000000000000000000000000,27f274fe233dda82f4dc8d372119ce9c2574a729bf79d9c8ee6fbab1b9be72e2,0,0,1298,0,2025-11-19 21:49:19,,,,,,
236,0x0000000000000000000000000000000000000000,e9d8b4f3dd319f44b51c05bf5cf7d34187941d10cb58d06fad0c0200c1b90058,0,0,1298,0,2025-11-19 21:50:19,,,,,,
237,0x0000000000000000000000000000000000000000,963dfe16fa5dabd1cb2e60e38111aab7331e978ca97a1e3e0ce31f94ede89e4b,0,0,1298,0,2025-11-19 21:51:19,,,,,,
238,0x0000000000000000000000000000000000000000,8fd2b62206b7827f5d7ec04d04d7ec7e951ee32b2deb611ddcbbcf58f0bfcaa8,0,0,1298,0,2025-11-19 21:52:19,,,,,,
239,0x0000000000000000000000000000000000000000,64ad5edf5a5f3eefd254f585c6a30cab8424b97b69c6ce53497aef5ac0a6447a,0,0,1298,0,2025-11-19 21:53:19,,,,,,
240,0x0000000000000000000000000000000000000000,b0e97110836d50aa7f7f28363459db29c07b7b908eebb31fdc5946ce54c91a92,0,0,1298,0,2025-11-19 21:54:19,,,,,,
241,0x0000000000000000000000000000000000000000,5aa8175d7a5e8f85193d4e813170d2773a605ac475faa4e5c8bc6b68415e2136,0,0,1298,0,2025-11-19 21:55:19,,,,,,
242,0x0000000000000000000000000000000000000000,a02711e83979e2559ad8dea914a9fa1123ffe41348c29e94d445b2f734a06ded,0,0,1298,0,2025-11-19 21:56:19,,,,,,
243,0x0000000000000000000000000000000000000000,3bb1afd1871b0b7c7677fb18dd00db764723a1ca3402b8dfb655c4d4fe627b32,0,0,1298,0,2025-11-19 21:57:19,,,,,,
244,0x0000000000000000000000000000000000000000,b5a555f6610e2aa42980299e363eb74c37a0ff469b879dfcd65244a0d231f2c7,0,0,1298,0,2025-11-19 21:58:19,,,,,,
245,0x0000000000000000000000000000000000000000,68b0ca53aa0efee9c42a16238ab0a6560303730a138334aae36cc6c61f6866a6,0,0,1298,0,2025-11-19 21:59:19,,,,,,
246,0x0000000000000000000000000000000000000000,a452cb8964dc36baba065b727ee5aa27f2818aa36994db0c1745aa06bc6533e3,0,0,1298,0,2025-11-19 22:00:19,,,,,,
247,0x0000000000000000000000000000000000000000,6581f28eca34998eae7714585e2ed0efa7e177ffa38840893151175cedbc583a,0,0,1298,0,2025-11-19 22:01:19,,,,,,
248,0x0000000000000000000000000000000000000000,2addb74a2f1a4bd5131100bf4eb81ab4ad80a35ef946e34a2873a9c50ea76533,0,0,1298,0,2025-11-19 22:02:19,,,,,,
249,0x0000000000000000000000000000000000000000,780ac1340784226b6db28cb2d697f9073ff68be684d4299988d4e4738b9649b1,0,0,1298,0,2025-11-19 22:03:19,,,,,,
250,0x0000000000000000000000000000000000000000,2e10ca01ec014daea86a24e8fd39169060bdff52c20753768b38da9885d55776,0,0,1298,0,2025-11-19 22:04:19,,,,,,
251,0x0000000000000000000000000000000000000000,7a1339056b77c64c2c4e565f47320e19506f3839c6393c0183968cec8bd88bb8,0,0,1298,0,2025-11-19 22:05:19,,,,,,
252,0x0000000000000000000000000000000000000000,fd2c382e25db03f7b7ac737adbe40dd7b2937f2bf5bd8b068f3b4f0d7fda42da,0,0,1298,0,2025-11-19 22:06:19,,,,,,
253,0x0000000000000000000000000000000000000000,7e8dc43e260323bbf6f4aa772e8b473f90ecd8c18209bf61c06c7e4f1fd45c26,0,0,1298,0,2025-11-19 22:07:19,,,,,,
254,0x0000000000000000000000000000000000000000,7d4cfbfeb293dbfac287b055e5561776f4ad76dda5f8189582afb050c1c7d917,0,0,1298,0,2025-11-19 22:08:19,,,,,,
255,0x0000000000000000000000000000000000000000,752754b20cadc69107a4e27c0ba6033f093dca18451653daba60b124d013b0a2,0,0,1298,0,2025-11-19 22:09:19,,,,,,
256,0x0000000000000000000000000000000000000000,b78dd4abb95269de56793a1fc49617c63f8cf12e9fa8f22071e6ab73cab463ce,0,0,1299,0,2025-11-19 22:10:19,,,,,,
257,0x0000000000000000000000000000000000000000,c416ace771cdfced8dfb0665c7fed04e40eea1c0ee41d733406b54a9bea51aa9,0,0,1299,0,2025-11-19 22:11:19,,,,,,
258,0x0000000000000000000000000000000000000000,b46d0a1d91043699d8a4fb361170295b6a5f163e4e2cc6ebb6a25b6f9f958cf3,0,0,1299,0,2025-11-19 22:12:19,,,,,,
259,0x0000000000000000000000000000000000000000,c941c32f9c7fd9ceff517845ce9013075ee1248d64e2b8a504d4f769bbd5e941,0,0,1299,0,2025-11-19 22:13:19,,,,,,
260,0x0000000000000000000000000000000000000000,42dc458df637f9a501ed1faf2f357702cd34382481096d939372e13b90a35a2d,1,0,1502,76779,2025-11-19 22:14:19,9c7c19e068224d712f23193542c25c35a5c5b14cf6db55ac317a8d89b1f60b2c,0x22c2BF5887F4C8A79418630018531Cf2b361f541,0xA4091cA9FC5214F6dCcF3d31E087a4805b908911,0.0,500000,0
261,0x0000000000000000000000000000000000000000,2b698c4d5231b4994b85402dba9781badeece93b27ba7ab5ba3a92610dad9dd0,1,0,1502,76779,2025-11-19 22:15:19,cd9fb60ae31e5cd51c564dbe8293c8033b8f380ee3d2e95feb2bff695bda3544,0x6E7d6C4C0B5FCa6e4e721738328Ff5C79933007C,0xA4091cA9FC5214F6dCcF3d31E087a4805b908911,0.0,500000,0
262,0x0000000000000000000000000000000000000000,7e1fd3262eee818dcc6bfd56d5c151126f43e97d7c0842da0abd3948abeb4556,1,0,1502,76779,2025-11-19 22:16:19,c7f6e588b8f41e1d24200e568bb4a466a04667c6cbb23f3dba2d54f2ac3c65c9,0x5c7A88d5002c590621c42Defa2F8b3b9fdDA5480,0xA4091cA9FC5214F6dCcF3d31E087a4805b908911,0.0,500000,0
263,0x0000000000000000000000000000000000000000,6d5944c2261229e8ded110d61d57cef55de1afc816a6bddd057b50976a0332c6,1,0,1502,76767,2025-11-19 22:17:19,6a922e9f24f610495c05c44a6682f8c990b183c306d6b413dddaf9b195ea0327,0x6D1Af3f61D50eeEb44afcA0bC14cF7dd13e214d0,0xA4091cA9FC5214F6dCcF3d31E087a4805b908911,0.0,500000,0
264,0x0000000000000000000000000000000000000000,6f663a15d2786c1bbe844e55701dd0cad41b2a76a29ac05748c0c49db4b1b734,1,0,1502,76767,2025-11-19 22:18:19,e22d56a5368a2c9e3b671ce4b784746cbb5be3dba63e8bd094f114111809c350,0xDD64f6B9AE3d7879FBCA52ae1deC358ba846c8C4,0xA4091cA9FC5214F6dCcF3d31E087a4805b908911,0.0,500000,0
265,0x0000000000000000000000000000000000000000,c4012300ae9103f9ae7e023edce3f127c5c3a23b8d65bc91c75cf1ea31214a80,1,0,1502,76779,2025-11-19 22:19:19,a0b8bfd03e902e7d3182ab3392a174c8604483726da8a747d8f09f0e8a5415ea,0x36D9D66537d0940EBcb18E6a613B3D0FE3E97893,0xA4091cA9FC5214F6dCcF3d31E087a4805b908911,0.0,500000,0
266,0x0000000000000000000000000000000000000000,645ab0af72fb892427b32c5a2c5a9c71a45f0fca21998e7ec2a2193bb4236fae,1,0,1502,76779,2025-11-19 22:20:19,a6e48d207cb55a4cdc0fffc057431035c45687ab179a6065e981ef5fe4747087,0xb374ACdE1C9956e3Dbff58A6998877e362187263,0xA4091cA9FC5214F6dCcF3d31E087a4805b908911,0.0,500000,0
267,0x0000000000000000000000000000000000000000,dbe6ec46b86f2eb4ec722588bd70f166e3d028d322c81b53ca79e8d3bc7cb9b1,1,0,1502,76779,2025-11-19 22:21:19,f3c5431ec889b312ea51fe9aff3fc25f2da14173183f438470e44376d0037441,0xE1775d13ae8D710B3AD1a58c6974aDF2521d2714,0xA4091cA9FC5214F6dCcF3d31E087a4805b908911,0.0,500000,0
268,0x0000000000000000000000000000000000000000,d3e69207ea6edb7330f593aef4b42d258ea1044b7dfa339dbf5bf188bd3ba9dd,1,0,1502,76779,2025-11-19 22:22:19,a5aaa8516f8c4ee253985fe1c9b2688c951cd4cbb8c194bb519d8e44540d01c8,0x5f15CC2c24a97ffBD42E5C79452Da95D3424Fbe9,0xA4091cA9FC5214F6dCcF3d31E087a4805b908911,0.0,500000,0
269,0x0000000000000000000000000000000000000000,226d1275fdb5612eeff6b4d6afb9693814fa4fed6a9df3a79e9c141756a972fb,1,0,1405,112538,2025-11-19 22:23:19,5001a54109e452893913252e1cfb3c4d9069dc11a126a5715c5369586aa222f4,0x5f15CC2c24a97ffBD42E5C79452Da95D3424Fbe9,0xA4091cA9FC5214F6dCcF3d31E087a4805b908911,0.0,500000,0
270,0x0000000000000000000000000000000000000000,b88cdac80bdecf8a450d3249798f9fad7cc2b0b52c42be0348d71b2e96011a6e,1,0,1404,46345,2025-11-19 22:24:19,4bf96a0cacb1046f2af93d8677afd44925b40ffee84250fa9e8fb3bf2deecd7f,0x5f15CC2c24a97ffBD42E5C79452Da95D3424Fbe9,0xA4091cA9FC5214F6dCcF3d31E087a4805b908911,0.0,500000,0
271,0x0000000000000000000000000000000000000000,c8dfb954809ff0e5866c44ef8b8ef24b2d1381b254b0019b5fa64fb5ff689fd6,1,0,1437,108450,2025-11-19 22:25:19,44fd0104f19ee99e1ee28e460289bfeb599f119fcf4fdd5fe69678893c55a13f,0x5c7A88d5002c590621c42Defa2F8b3b9fdDA5480,0xA4091cA9FC5214F6dCcF3d31E087a4805b908911,0.0,500000,0
272,0x0000000000000000000000000000000000000000,1234fb68c092af2aca58829316dcbf0e6f1229b0a66e69b2c0f6baa06619b0a8,1,0,1437,93450,2025-11-19 22:26:19,a14733075aa7c114e29c1d12f32f5306144c5db165d6db3f32175a934f57648e,0x5f15CC2c24a97ffBD42E5C79452Da95D3424Fbe9,0xA4091cA9FC5214F6dCcF3d31E087a4805b908911,0.0,500000,0
273,0x0000000000000000000000000000000000000000,9b7a81f872b2e37b088f27801c172dc7e758042905655d3f1e4a9a4b928dd5cf,1,0,1437,93450,2025-11-19 22:27:19,f85541a1822f5bf0f8f7e86f4bcfe57da9e3089ba102e8db586413b38db8c8eb,0xb374ACdE1C9956e3Dbff58A6998877e362187263,0xA4091cA9FC5214F6dCcF3d31E087a4805b908911,0.0,500000,0
274,0x0000000000000000000000000000000000000000,d2cd78d6beffadd1fc12dffbb64259c433585aa6655c5151b9390d207b80be5c,1,0,1437,93450,2025-11-19 22:28:19,2f27fdd8d6b90009979b89e528e187b20c8d02f0d8502ae4d885eb2433ac8bcc,0x36D9D66537d0940EBcb18E6a613B3D0FE3E97893,0xA4091cA9FC5214F6dCcF3d31E087a4805b908911,0.0,500000,0
275,0x0000000000000000000000000000000000000000,ece311dcbea0e7e18429bd3df0e9f4d1773e12a50d329d4d1d1e2b759c7b647a,1,0,1405,69194,2025-11-19 22:29:19,9413a4f9b786243d7304bfeee2aa6a8d47b4b397e5e8b35e3b793e8c45e1811b,0x6D1Af3f61D50eeEb44afcA0bC14cF7dd13e214d0,0xA4091cA9FC5214F6dCcF3d31E087a4805b908911,0.0,500000,0
276,0x0000000000000000000000000000000000000000,cd2c0065eed768217b766bb2cece1bda20f37507e72646ca5c39c18de30122d1,1,0,1404,32260,2025-11-19 22:30:19,e7a788370735809f7a8e51492088982a140b2ab57b3cd065074a95e075c04a6b,0x5f15CC2c24a97ffBD42E5C79452Da95D3424Fbe9,0xA4091cA9FC5214F6dCcF3d31E087a4805b908911,0.0,500000,0
277,0x0000000000000000000000000000000000000000,a4971eb684356cabf4622fe61da5ca1c4ea5cadc499a4181662bcabfc63a84a3,1,0,1405,138076,2025-11-19 22:31:19,c79d160f271a2ce6ac218d6eab43055427387fa99078943db8da330a10c990f5,0x5f15CC2c24a97ffBD42E5C79452Da95D3424Fbe9,0xA4091cA9FC5214F6dCcF3d31E087a4805b908911,0.0,500000,0
278,0x0000000000000000000000000000000000000000,b56f6711a630d44bc6877bf9dddeaf4d4fa281b138fe6bf1f38a5e3843a1a82a,1,0,1502,76779,2025-11-19 22:32:19,d9f29b8f73534115c5c743a30cf9491e4e3f992cab5d5bee3c423e8f1f4871ee,0x5f15CC2c24a97ffBD42E5C79452Da95D3424Fbe9,0xA4091cA9FC5214F6dCcF3d31E087a4805b908911,0.0,500000,0
279,0x0000000000000000000000000000000000000000,c20da506d3633a0bf5215f9608c4054ef7584b4de8edc549bdef4da513f67b2f,0,0,1299,0,2025-11-19 22:33:19,,,,,,
280,0x0000000000000000000000000000000000000000,a8fd9c57a6622cd671a70939fd5deee5fc933a48e07438562166bbcc1366edf2,1,0,1502,76767,2025-11-19 22:34:22,a895c6fb60828259fc36a0cf89398b21effa28a3819830f83ad43bf3507aac42,0xE1775d13ae8D710B3AD1a58c6974aDF2521d2714,0xA4091cA9FC5214F6dCcF3d31E087a4805b908911,0.0,500000,0
281,0x0000000000000000000000000000000000000000,99496261a1fe1febfecb0404143f4db914b852e8e0ffc8b4954c34cc1eb4b6f8,1,0,1502,76779,2025-11-19 22:35:22,672d014d8250030340480e20d87fcbacca9c46ef28d47461c2e7d5df0f2db7fb,0xb374ACdE1C9956e3Dbff58A6998877e362187263,0xA4091cA9FC5214F6dCcF3d31E087a4805b908911,0.0,500000,0
282,0x0000000000000000000000000000000000000000,3f596cfb99ddd4c3ec04dd0b25a8a1ab2ee915bf495c31b9489b286d3e7ac2c2,1,0,1502,76779,2025-11-19 22:36:22,e3fa522c76046360b64626afc53dad4f4d844f37f868aae0041100c8f91d62b7,0x36D9D66537d0940EBcb18E6a613B3D0FE3E97893,0xA4091cA9FC5214F6dCcF3d31E087a4805b908911,0.0,500000,0
283,0x0000000000000000000000000000000000000000,d9d9623a35a22ecd73e5c26d430ef666080a6f2cd00f47a723508421a4e93e95,1,0,1501,76767,2025-11-19 22:37:22,6497d10c054ff7d3569d69ce5264e15c77b0531abc3b54a1cbf8950b39bd65fe,0xDD64f6B9AE3d7879FBCA52ae1deC358ba846c8C4,0xA4091cA9FC5214F6dCcF3d31E087a4805b908911,0.0,500000,0
284,0x0000000000000000000000000000000000000000,ce4aaa06b162cda3c075827df5cee1b0a4f168892b8d6aafc1263efe17ca333c,1,0,1502,76767,2025-11-19 22:38:22,6209a859b77754c1e12ec8ab2fcc9bbcd5d7c206b4a987366bc0a60d7bb0439e,0x6D1Af3f61D50eeEb44afcA0bC14cF7dd13e214d0,0xA4091cA9FC5214F6dCcF3d31E087a4805b908911,0.0,500000,0
285,0x0000000000000000000000000000000000000000,c298f0eec63463407c7c68a58087b223597c434865c075c1529c2ed58dc6c85b,1,0,1502,76767,2025-11-19 22:39:22,75c10ec74d1d1c37d03735cb68ab2557658c4261e7b1759ee02df50200447393,0x5c7A88d5002c590621c42Defa2F8b3b9fdDA5480,0xA4091cA9FC5214F6dCcF3d31E087a4805b908911,0.0,500000,0
286,0x0000000000000000000000000000000000000000,5c582793e1601343bcbd888f3e718256510631e2a45eefbb5a7f12d4a5b14053,1,0,1502,76767,2025-11-19 22:40:22,fe57ca79f685f5c1e661864fdd793e01004194bd67e48c507a84b1c24bb2c6d6,0x6E7d6C4C0B5FCa6e4e721738328Ff5C79933007C,0xA4091cA9FC5214F6dCcF3d31E087a4805b908911,0.0,500000,0
287,0x0000000000000000000000000000000000000000,c4f7f70d741c0eef64972f8ccf6e92dc856227ab9081877d57a6a04ea3c0983f,1,0,1502,76767,2025-11-19 22:41:22,6a9430a55bc938bc9323ffd09c52137c9788a367af68152633d46ce4067a8d78,0x22c2BF5887F4C8A79418630018531Cf2b361f541,0xA4091cA9FC5214F6dCcF3d31E087a4805b908911,0.0,500000,0
288,0x0000000000000000000000000000000000000000,eea00e3800fe274d4a8e1ad00bf3841f7761fd07128cbd5d88aa6371608e32f4,0,0,1299,0,2025-11-19 22:42:22,,,,,,
289,0x0000000000000000000000000000000000000000,a15b5ada85e25b52180f3c633a1258ea945d95adc4f511fd852bc4697cff3c1d,0,0,1299,0,2025-11-19 22:43:22,,,,,,
290,0x0000000000000000000000000000000000000000,927e7afbac680d4d10eaec558eaa68ab65ad64c6b850a402fae45ec1ead53e42,1,0,1405,112538,2025-11-19 22:44:22,a5336a6f6993e050d112532b09f3eb10ac7c118486e11714d23a8af4801159a3,0x5f15CC2c24a97ffBD42E5C79452Da95D3424Fbe9,0xA4091cA9FC5214F6dCcF3d31E087a4805b908911,0.0,500000,0
291,0x0000000000000000000000000000000000000000,c08717af4d31722031d934ea320e87116ec4bc15283e235ab955140f559a4651,1,0,1404,46345,2025-11-19 22:45:22,902c775e152da067a6b317b39dc84eabdaac372989035589458557119b2c1ae6,0x5f15CC2c24a97ffBD42E5C79452Da95D3424Fbe9,0xA4091cA9FC5214F6dCcF3d31E087a4805b908911,0.0,500000,0
292,0x0000000000000000000000000000000000000000,8ad588aa5371f839b43202a17f15c9323d00866760e09836a102f08f73b04748,1,0,1437,108450,2025-11-19 22:46:22,17bb77479d927501f1b918ce318108a3af488bdc9e42a3e765ddaae73738ebd8,0x36D9D66537d0940EBcb18E6a613B3D0FE3E97893,0xA4091cA9FC5214F6dCcF3d31E087a4805b908911,0.0,500000,0
293,0x0000000000000000000000000000000000000000,15fb2f034ef56feddc8b41adaa00b8b576849d00919c80b58af90dcaf9b46b5a,1,0,1437,93450,2025-11-19 22:47:22,9f6d7b1d2eb331ca33f04720670bc642d292a9854b36e802ce3d9316da29c3ce,0x5c7A88d5002c590621c42Defa2F8b3b9fdDA5480,0xA4091cA9FC5214F6dCcF3d31E087a4805b908911,0.0,500000,0
294,0x0000000000000000000000000000000000000000,3e9c288d94e87c1cb9f3f6e1f5f8eec8932a4ca7d35b058799d4f1d8ababd9a3,1,0,1437,93450,2025-11-19 22:48:22,0edaf1e047683e8749583a52a9e1c35d0926594dcb139bd4b3f336e149a6e3cc,0x6D1Af3f61D50eeEb44afcA0bC14cF7dd13e214d0,0xA4091cA9FC5214F6dCcF3d31E087a4805b908911,0.0,500000,0
295,0x0000000000000000000000000000000000000000,c649a74d003b2cfc4ba41c47fd195d63d23b58c8c004e1b1f24b51b292677a57,0,0,1299,0,2025-11-19 22:49:22,,,,,,
296,0x0000000000000000000000000000000000000000,3d32f64c10e27fcb900e373dd7a1729d60e8c22e8187a3ff656a4dc8979b1009,1,0,1405,67214,2025-11-19 22:50:22,39b878ba46a21e69dd83658deb18e8020637fe3366bf23fb3eed82d58c53c736,0x6D1Af3f61D50eeEb44afcA0bC14cF7dd13e214d0,0xA4091cA9FC5214F6dCcF3d31E087a4805b908911,0.0,500000,0
297,0x0000000000000000000000000000000000000000,f5ecfdd19c22330179524b25a6828d0a4dcbad2f163d4ed948556bd00ecb0c8f,1,0,1404,32260,2025-11-19 22:51:22,1f56b357daaf85f536e4fbfc30d0a926e7406bda199df1b1a269c36739e94a93,0x5f15CC2c24a97ffBD42E5C79452Da95D3424Fbe9,0xA4091cA9FC5214F6dCcF3d31E087a4805b908911,0.0,500000,0
298,0x0000000000000000000000000000000000000000,f331b3392eed277c6d3facbdb2d7d23d4bd63ff75f0915d2ee2a1f510c27bb8b,1,0,1405,128682,2025-11-19 22:52:22,2dfe27d50ac3d0b623bf64d6dedabe30d1c586981e1578f5aeb89f35e0a082ff,0x5f15CC2c24a97ffBD42E5C79452Da95D3424Fbe9,0xA4091cA9FC5214F6dCcF3d31E087a4805b908911,0.0,500000,0
299,0x0000000000000000000000000000000000000000,58e859c79e6b627e206db1bea9e58b46f8dc80bc9b38d2954112aa6af03ba4ec,0,0,1299,0,2025-11-19 22:53:22,,,,,,
300,0x0000000000000000000000000000000000000000,5920393868acd70e92e8787e8350683c65fc94a7e951e32b74d5911f1a505eff,0,0,1299,0,2025-11-19 22:54:22,,,,,,
